"binary_id","trial_id","linked_id","triad","via_registry","bidirectional"
"DRKS00010700_2013-004508-21","DRKS00010700","2013-004508-21",TRUE,TRUE,NA
"DRKS00010700_NCT02709486","DRKS00010700","NCT02709486",TRUE,TRUE,NA
"DRKS00009733_2015-000460-34","DRKS00009733","2015-000460-34",FALSE,TRUE,NA
"DRKS00009739_2015-005071-25","DRKS00009739","2015-005071-25",FALSE,TRUE,NA
"DRKS00010707_2016-002398-37","DRKS00010707","2016-002398-37",FALSE,TRUE,NA
"DRKS00009753_2014-002918-23","DRKS00009753","2014-002918-23",FALSE,TRUE,NA
"DRKS00010738_2015-002602-36","DRKS00010738","2015-002602-36",FALSE,TRUE,NA
"DRKS00010766_2015-004808-36","DRKS00010766","2015-004808-36",TRUE,TRUE,NA
"DRKS00010766_NCT02905539","DRKS00010766","NCT02905539",TRUE,TRUE,NA
"DRKS00010764_2015-005265-22","DRKS00010764","2015-005265-22",FALSE,TRUE,NA
"DRKS00007113_NCT02156479","DRKS00007113","NCT02156479",FALSE,TRUE,NA
"DRKS00007107_NCT02083042","DRKS00007107","NCT02083042",FALSE,TRUE,NA
"DRKS00007103_2014-000062-22","DRKS00007103","2014-000062-22",TRUE,TRUE,NA
"DRKS00007103_NCT02196506","DRKS00007103","NCT02196506",TRUE,TRUE,NA
"DRKS00009799_NCT02377258","DRKS00009799","NCT02377258",FALSE,TRUE,NA
"DRKS00021448_NCT02280226","DRKS00021448","NCT02280226",FALSE,TRUE,NA
"DRKS00009784_2007-007847-28","DRKS00009784","2007-007847-28",TRUE,TRUE,NA
"DRKS00009784_NCT01983748","DRKS00009784","NCT01983748",TRUE,TRUE,NA
"DRKS00019107_2019-002317-19","DRKS00019107","2019-002317-19",FALSE,TRUE,NA
"DRKS00019106_2018-004310-18","DRKS00019106","2018-004310-18",TRUE,TRUE,NA
"DRKS00019106_NCT04261777","DRKS00019106","NCT04261777",TRUE,TRUE,NA
"DRKS00021455_2019-001759-38","DRKS00021455","2019-001759-38",FALSE,TRUE,NA
"DRKS00022786_NCT04382612","DRKS00022786","NCT04382612",FALSE,TRUE,NA
"DRKS00022785_NCT04393779","DRKS00022785","NCT04393779",FALSE,TRUE,NA
"DRKS00022788_2013-000018-39","DRKS00022788","2013-000018-39",FALSE,TRUE,NA
"DRKS00021458_NCT04381221","DRKS00021458","NCT04381221",FALSE,TRUE,NA
"DRKS00007125_2014-005473-36","DRKS00007125","2014-005473-36",FALSE,TRUE,NA
"DRKS00022782_NCT04571801","DRKS00022782","NCT04571801",FALSE,TRUE,NA
"DRKS00007158_2013-003822-96","DRKS00007158","2013-003822-96",TRUE,TRUE,NA
"DRKS00007158_NCT02070991","DRKS00007158","NCT02070991",TRUE,TRUE,NA
"DRKS00022768_2018-002115-96","DRKS00022768","2018-002115-96",FALSE,TRUE,NA
"DRKS00007147_2014-003022-40","DRKS00007147","2014-003022-40",FALSE,TRUE,NA
"DRKS00007161_2008-001316-21","DRKS00007161","2008-001316-21",FALSE,TRUE,NA
"DRKS00032121_NCT04839822","DRKS00032121","NCT04839822",FALSE,TRUE,NA
"DRKS00021394_NCT04347564","DRKS00021394","NCT04347564",FALSE,TRUE,NA
"DRKS00032093_2021-004411-11","DRKS00032093","2021-004411-11",FALSE,TRUE,NA
"DRKS00009836_NCT02769351","DRKS00009836","NCT02769351",FALSE,TRUE,NA
"DRKS00009822_2014-000861-32","DRKS00009822","2014-000861-32",FALSE,TRUE,NA
"DRKS00010862_NCT01812291","DRKS00010862","NCT01812291",FALSE,TRUE,NA
"DRKS00022857_NCT04547257","DRKS00022857","NCT04547257",FALSE,TRUE,NA
"DRKS00022861_2014-004197-42","DRKS00022861","2014-004197-42",TRUE,TRUE,NA
"DRKS00022861_NCT02770378","DRKS00022861","NCT02770378",TRUE,TRUE,NA
"DRKS00009894_2016-000214-30","DRKS00009894","2016-000214-30",FALSE,TRUE,NA
"DRKS00022838_2020-001397-30","DRKS00022838","2020-001397-30",FALSE,TRUE,NA
"DRKS00022839_2016-004907-30","DRKS00022839","2016-004907-30",TRUE,TRUE,NA
"DRKS00022839_NCT03173248","DRKS00022839","NCT03173248",TRUE,TRUE,NA
"DRKS00009880_2015-003920-30","DRKS00009880","2015-003920-30",FALSE,TRUE,NA
"DRKS00020237_2016-004551-67","DRKS00020237","2016-004551-67",FALSE,TRUE,NA
"DRKS00021573_2020-001470-30","DRKS00021573","2020-001470-30",FALSE,TRUE,NA
"DRKS00020240_2016-004551-67","DRKS00020240","2016-004551-67",FALSE,TRUE,NA
"DRKS00020221_2017-001208-30","DRKS00020221","2017-001208-30",FALSE,TRUE,NA
"DRKS00032263_2022-003790-38","DRKS00032263","2022-003790-38",FALSE,TRUE,NA
"DRKS00020286_2019-001727-12","DRKS00020286","2019-001727-12",FALSE,TRUE,NA
"DRKS00032237_2022-001781-35","DRKS00032237","2022-001781-35",FALSE,TRUE,NA
"DRKS00020267_2018-002181-40","DRKS00020267","2018-002181-40",FALSE,TRUE,NA
"DRKS00033481_NCT06149650","DRKS00033481","NCT06149650",FALSE,TRUE,NA
"DRKS00011827_2015-003395-72","DRKS00011827","2015-003395-72",FALSE,TRUE,NA
"DRKS00011816_NCT02855476","DRKS00011816","NCT02855476",FALSE,TRUE,NA
"DRKS00010514_NCT02749279","DRKS00010514","NCT02749279",FALSE,TRUE,NA
"DRKS00011837_2016-004137-24","DRKS00011837","2016-004137-24",FALSE,TRUE,NA
"DRKS00010535_2016-001056-22","DRKS00010535","2016-001056-22",FALSE,TRUE,NA
"DRKS00009547_2015-002365-34","DRKS00009547","2015-002365-34",FALSE,TRUE,NA
"DRKS00023872_2018-003642-17","DRKS00023872","2018-003642-17",FALSE,TRUE,NA
"DRKS00022547_2020-001017-20","DRKS00022547","2020-001017-20",FALSE,TRUE,NA
"DRKS00011857_2015-001641-89","DRKS00011857","2015-001641-89",TRUE,TRUE,NA
"DRKS00011857_NCT02566993","DRKS00011857","NCT02566993",TRUE,TRUE,NA
"DRKS00023837_2020-002238-34","DRKS00023837","2020-002238-34",FALSE,TRUE,NA
"DRKS00011887_2016-000236-17","DRKS00011887","2016-000236-17",TRUE,TRUE,NA
"DRKS00011887_NCT02789254","DRKS00011887","NCT02789254",TRUE,TRUE,NA
"DRKS00023849_2018-002988-25","DRKS00023849","2018-002988-25",FALSE,TRUE,NA
"DRKS00011881_2014-000097-19","DRKS00011881","2014-000097-19",FALSE,TRUE,NA
"DRKS00010574_2015-005598-19","DRKS00010574","2015-005598-19",FALSE,TRUE,NA
"DRKS00034545_NCT06576934","DRKS00034545","NCT06576934",FALSE,TRUE,NA
"DRKS00021238_2020-001408-41","DRKS00021238","2020-001408-41",FALSE,TRUE,NA
"DRKS00022562_2019-003100-13","DRKS00022562","2019-003100-13",FALSE,TRUE,NA
"DRKS00021160_2018-000533-13","DRKS00021160","2018-000533-13",FALSE,TRUE,NA
"DRKS00022476_NCT04745507","DRKS00022476","NCT04745507",FALSE,TRUE,NA
"DRKS00011932_2016-001628-72","DRKS00011932","2016-001628-72",FALSE,TRUE,NA
"DRKS00008321_2014-005427-27","DRKS00008321","2014-005427-27",FALSE,TRUE,NA
"DRKS00021300_NCT04324528","DRKS00021300","NCT04324528",FALSE,TRUE,NA
"DRKS00021284_2019-002398-72","DRKS00021284","2019-002398-72",FALSE,TRUE,NA
"DRKS00021290_2019-005008-16","DRKS00021290","2019-005008-16",TRUE,TRUE,NA
"DRKS00021290_NCT04448028","DRKS00021290","NCT04448028",TRUE,TRUE,NA
"DRKS00000908_NCT00324779","DRKS00000908","NCT00324779",FALSE,TRUE,NA
"DRKS00011614_2016-002735-16","DRKS00011614","2016-002735-16",FALSE,TRUE,NA
"DRKS00024954_2021-001543-27","DRKS00024954","2021-001543-27",FALSE,TRUE,NA
"DRKS00008008_2015-001683-20","DRKS00008008","2015-001683-20",TRUE,TRUE,NA
"DRKS00008008_NCT02509286","DRKS00008008","NCT02509286",TRUE,TRUE,NA
"DRKS00010310_NCT02730338","DRKS00010310","NCT02730338",FALSE,TRUE,NA
"DRKS00012977_2017-000292-83","DRKS00012977","2017-000292-83",FALSE,TRUE,NA
"DRKS00009329_NCT02583958","DRKS00009329","NCT02583958",FALSE,TRUE,NA
"DRKS00008024_2014-003350-13","DRKS00008024","2014-003350-13",FALSE,TRUE,NA
"DRKS00011663_2016-003551-30","DRKS00011663","2016-003551-30",FALSE,TRUE,NA
"DRKS00008017_NCT02187263","DRKS00008017","NCT02187263",FALSE,TRUE,NA
"DRKS00008018_2016-001554-18","DRKS00008018","2016-001554-18",FALSE,TRUE,NA
"DRKS00011660_2016-003360-39","DRKS00011660","2016-003360-39",FALSE,TRUE,NA
"DRKS00023676_NCT04698876","DRKS00023676","NCT04698876",FALSE,TRUE,NA
"DRKS00022308_2018-003917-16","DRKS00022308","2018-003917-16",FALSE,TRUE,NA
"DRKS00023639_NCT03168672","DRKS00023639","NCT03168672",FALSE,TRUE,NA
"DRKS00023646_2020-005495-36","DRKS00023646","2020-005495-36",FALSE,TRUE,NA
"DRKS00024971_2021-000271-36","DRKS00024971","2021-000271-36",FALSE,TRUE,NA
"DRKS00008037_2014-003481-25","DRKS00008037","2014-003481-25",FALSE,TRUE,NA
"DRKS00023656_2019-004793-26","DRKS00023656","2019-004793-26",TRUE,TRUE,NA
"DRKS00023656_NCT04184050","DRKS00023656","NCT04184050",TRUE,TRUE,NA
"DRKS00035629_2024-519900-29","DRKS00035629","2024-519900-29",TRUE,TRUE,NA
"DRKS00035629_NCT06642506","DRKS00035629","NCT06642506",TRUE,TRUE,NA
"DRKS00009269_2015-003670-32","DRKS00009269","2015-003670-32",FALSE,TRUE,NA
"DRKS00010285_NCT02734550","DRKS00010285","NCT02734550",FALSE,TRUE,NA
"DRKS00022234_NCT04371055","DRKS00022234","NCT04371055",FALSE,TRUE,NA
"DRKS00010275_2014-003716-36","DRKS00010275","2014-003716-36",TRUE,TRUE,NA
"DRKS00010275_NCT02548585","DRKS00010275","NCT02548585",TRUE,TRUE,NA
"DRKS00034255_NCT06048172","DRKS00034255","NCT06048172",FALSE,TRUE,NA
"DRKS00022277_NCT04780295","DRKS00022277","NCT04780295",FALSE,TRUE,NA
"DRKS00011710_NCT02675257","DRKS00011710","NCT02675257",FALSE,TRUE,NA
"DRKS00009416_2014-004780-21","DRKS00009416","2014-004780-21",TRUE,TRUE,NA
"DRKS00009416_NCT02499003","DRKS00009416","NCT02499003",TRUE,TRUE,NA
"DRKS00009418_NCT01406678","DRKS00009418","NCT01406678",FALSE,TRUE,NA
"DRKS00010424_2015-003369-27","DRKS00010424","2015-003369-27",FALSE,TRUE,NA
"DRKS00023742_NCT04679584","DRKS00023742","NCT04679584",FALSE,TRUE,NA
"DRKS00010438_2015-003943-20","DRKS00010438","2015-003943-20",TRUE,TRUE,NA
"DRKS00010438_NCT02586805","DRKS00010438","NCT02586805",TRUE,TRUE,NA
"DRKS00009451_2015-005219-34","DRKS00009451","2015-005219-34",FALSE,TRUE,NA
"DRKS00009444_2015-001456-29","DRKS00009444","2015-001456-29",TRUE,TRUE,NA
"DRKS00009444_NCT02456948","DRKS00009444","NCT02456948",TRUE,TRUE,NA
"DRKS00011761_NCT02948764","DRKS00011761","NCT02948764",FALSE,TRUE,NA
"DRKS00022404_2020-000624-20","DRKS00022404","2020-000624-20",FALSE,TRUE,NA
"DRKS00021119_2018-002947-27","DRKS00021119","2018-002947-27",TRUE,TRUE,NA
"DRKS00021119_NCT04301271","DRKS00021119","NCT04301271",TRUE,TRUE,NA
"DRKS00023783_2018-003335-29","DRKS00023783","2018-003335-29",FALSE,TRUE,NA
"DRKS00022452_NCT04475783","DRKS00022452","NCT04475783",FALSE,TRUE,NA
"DRKS00022464_2019-002846-19","DRKS00022464","2019-002846-19",FALSE,TRUE,NA
"DRKS00023793_2019-002373-59","DRKS00023793","2019-002373-59",FALSE,TRUE,NA
"DRKS00021108_2018-004043-23","DRKS00021108","2018-004043-23",FALSE,TRUE,NA
"DRKS00022384_NCT04438018","DRKS00022384","NCT04438018",FALSE,TRUE,NA
"DRKS00021080_2020-000374-21","DRKS00021080","2020-000374-21",TRUE,TRUE,NA
"DRKS00021080_NCT04233073","DRKS00021080","NCT04233073",TRUE,TRUE,NA
"DRKS00012701_2016-003568-38","DRKS00012701","2016-003568-38",FALSE,TRUE,NA
"DRKS00000718_2014-005069-60","DRKS00000718","2014-005069-60",FALSE,TRUE,NA
"DRKS00000721_2011-000290-31","DRKS00000721","2011-000290-31",TRUE,TRUE,NA
"DRKS00000721_NCT01512446","DRKS00000721","NCT01512446",TRUE,TRUE,NA
"DRKS00000711_2010-020441-27","DRKS00000711","2010-020441-27",FALSE,TRUE,NA
"DRKS00000733_2009-009916-33","DRKS00000733","2009-009916-33",TRUE,TRUE,NA
"DRKS00000733_NCT00867672","DRKS00000733","NCT00867672",TRUE,TRUE,NA
"DRKS00012746_2016-005105-39","DRKS00012746","2016-005105-39",FALSE,TRUE,NA
"DRKS00000758_2010-022179-79","DRKS00000758","2010-022179-79",FALSE,TRUE,NA
"DRKS00000766_2011-000911-26","DRKS00000766","2011-000911-26",FALSE,TRUE,NA
"DRKS00000754_2010-021262-29","DRKS00000754","2010-021262-29",FALSE,TRUE,NA
"DRKS00000756_2010-018534-44","DRKS00000756","2010-018534-44",TRUE,TRUE,NA
"DRKS00000756_NCT01060878","DRKS00000756","NCT01060878",TRUE,TRUE,NA
"DRKS00000750_2009-012080-34","DRKS00000750","2009-012080-34",FALSE,TRUE,NA
"DRKS00000753_2011-001795-19","DRKS00000753","2011-001795-19",FALSE,TRUE,NA
"DRKS00010101_2016-000205-36","DRKS00010101","2016-000205-36",FALSE,TRUE,NA
"DRKS00000788_2008-003392-40","DRKS00000788","2008-003392-40",FALSE,TRUE,NA
"DRKS00000783_2010-023409-37","DRKS00000783","2010-023409-37",TRUE,TRUE,NA
"DRKS00000783_NCT01237808","DRKS00000783","NCT01237808",TRUE,TRUE,NA
"DRKS00000785_2008-001389-10","DRKS00000785","2008-001389-10",FALSE,TRUE,NA
"DRKS00000780_2008-008896-32","DRKS00000780","2008-008896-32",FALSE,TRUE,NA
"DRKS00000769_2010-022057-42","DRKS00000769","2010-022057-42",FALSE,TRUE,NA
"DRKS00010124_2010-020363-21","DRKS00010124","2010-020363-21",FALSE,TRUE,NA
"DRKS00010126_NCT02622581","DRKS00010126","NCT02622581",FALSE,TRUE,NA
"DRKS00000796_2011-001689-16","DRKS00000796","2011-001689-16",FALSE,TRUE,NA
"DRKS00010109_2014-000299-25","DRKS00010109","2014-000299-25",FALSE,TRUE,NA
"DRKS00010026_NCT02655887","DRKS00010026","NCT02655887",FALSE,TRUE,NA
"DRKS00011353_2015-000890-11","DRKS00011353","2015-000890-11",FALSE,TRUE,NA
"DRKS00000692_2010-022114-12","DRKS00000692","2010-022114-12",FALSE,TRUE,NA
"DRKS00023352_2019-002610-39","DRKS00023352","2019-002610-39",FALSE,TRUE,NA
"DRKS00011374_2016-004396-51","DRKS00011374","2016-004396-51",TRUE,TRUE,NA
"DRKS00011374_NCT03669185","DRKS00011374","NCT03669185",TRUE,TRUE,NA
"DRKS00023337_2020-001575-33","DRKS00023337","2020-001575-33",TRUE,TRUE,NA
"DRKS00023337_NCT03865160","DRKS00023337","NCT03865160",TRUE,TRUE,NA
"DRKS00023384_2020-002815-23","DRKS00023384","2020-002815-23",FALSE,TRUE,NA
"DRKS00010053_2015-002336-40","DRKS00010053","2015-002336-40",FALSE,TRUE,NA
"DRKS00034010_2022-003686-38","DRKS00034010","2022-003686-38",TRUE,TRUE,NA
"DRKS00034010_NCT06342960","DRKS00034010","NCT06342960",TRUE,TRUE,NA
"DRKS00010085_2015-005416-15","DRKS00010085","2015-005416-15",FALSE,TRUE,NA
"DRKS00010080_2016-000799-11","DRKS00010080","2016-000799-11",FALSE,TRUE,NA
"DRKS00024696_2021-000358-24","DRKS00024696","2021-000358-24",FALSE,TRUE,NA
"DRKS00000813_NCT01355107","DRKS00000813","NCT01355107",FALSE,TRUE,NA
"DRKS00000814_2010-020386-24","DRKS00000814","2010-020386-24",TRUE,TRUE,NA
"DRKS00000814_NCT01302600","DRKS00000814","NCT01302600",TRUE,TRUE,NA
"DRKS00000805_2010-020480-21","DRKS00000805","2010-020480-21",FALSE,TRUE,NA
"DRKS00000811_NCT01361061","DRKS00000811","NCT01361061",FALSE,TRUE,NA
"DRKS00000812_NCT01360255","DRKS00000812","NCT01360255",FALSE,TRUE,NA
"DRKS00012806_2013-004187-56","DRKS00012806","2013-004187-56",FALSE,TRUE,NA
"DRKS00012845_NCT03179241","DRKS00012845","NCT03179241",FALSE,TRUE,NA
"DRKS00012830_2017-000410-32","DRKS00012830","2017-000410-32",FALSE,TRUE,NA
"DRKS00011528_2016-003120-23","DRKS00011528","2016-003120-23",FALSE,TRUE,NA
"DRKS00024815_2020-000784-23","DRKS00024815","2020-000784-23",FALSE,TRUE,NA
"DRKS00010225_2015-001975-30","DRKS00010225","2015-001975-30",FALSE,TRUE,NA
"DRKS00010226_2014-001319-38","DRKS00010226","2014-001319-38",FALSE,TRUE,NA
"DRKS00012880_2016-001511-20","DRKS00012880","2016-001511-20",FALSE,TRUE,NA
"DRKS00023541_2017-002935-40","DRKS00023541","2017-002935-40",FALSE,TRUE,NA
"DRKS00023556_2020-002569-33","DRKS00023556","2020-002569-33",FALSE,TRUE,NA
"DRKS00012869_2017-002194-18","DRKS00012869","2017-002194-18",FALSE,TRUE,NA
"DRKS00011576_NCT03666286","DRKS00011576","NCT03666286",FALSE,TRUE,NA
"DRKS00011572_2015-002212-32","DRKS00011572","2015-002212-32",TRUE,TRUE,NA
"DRKS00011572_NCT02669680","DRKS00011572","NCT02669680",TRUE,TRUE,NA
"DRKS00010239_NCT01878630","DRKS00010239","NCT01878630",FALSE,TRUE,NA
"DRKS00012899_2012-001039-30","DRKS00012899","2012-001039-30",FALSE,TRUE,NA
"DRKS00024859_NCT04984902","DRKS00024859","NCT04984902",FALSE,TRUE,NA
"DRKS00023533_2020-001416-15","DRKS00023533","2020-001416-15",FALSE,TRUE,NA
"DRKS00024795_2020-003984-24","DRKS00024795","2020-003984-24",FALSE,TRUE,NA
"DRKS00023479_NCT04299906","DRKS00023479","NCT04299906",FALSE,TRUE,NA
"DRKS00011487_2015-003669-27","DRKS00011487","2015-003669-27",FALSE,TRUE,NA
"DRKS00010189_NCT02649946","DRKS00010189","NCT02649946",FALSE,TRUE,NA
"DRKS00022186_NCT04260789","DRKS00022186","NCT04260789",FALSE,TRUE,NA
"DRKS00023489_NCT03987035","DRKS00023489","NCT03987035",FALSE,TRUE,NA
"DRKS00023487_NCT03982940","DRKS00023487","NCT03982940",FALSE,TRUE,NA
"DRKS00023485_NCT03987061","DRKS00023485","NCT03987061",FALSE,TRUE,NA
"DRKS00020994_2016-004730-18","DRKS00020994","2016-004730-18",FALSE,TRUE,NA
"DRKS00005342_NCT01885572","DRKS00005342","NCT01885572",FALSE,TRUE,NA
"DRKS00005375_2010-022235-10","DRKS00005375","2010-022235-10",FALSE,TRUE,NA
"DRKS00016019_2016-002085-31","DRKS00016019","2016-002085-31",FALSE,TRUE,NA
"DRKS00031627_NCT05055297","DRKS00031627","NCT05055297",FALSE,TRUE,NA
"DRKS00005365_2012-002011-26","DRKS00005365","2012-002011-26",TRUE,TRUE,NA
"DRKS00005365_NCT01891864","DRKS00005365","NCT01891864",TRUE,TRUE,NA
"DRKS00016043_2018-001514-15","DRKS00016043","2018-001514-15",FALSE,TRUE,NA
"DRKS00031683_2022-000193-25","DRKS00031683","2022-000193-25",TRUE,TRUE,NA
"DRKS00031683_NCT05337553","DRKS00031683","NCT05337553",TRUE,TRUE,NA
"DRKS00030348_2021-003650-23","DRKS00030348","2021-003650-23",FALSE,TRUE,NA
"DRKS00028033_2022-000705-27","DRKS00028033","2022-000705-27",FALSE,TRUE,NA
"DRKS00005380_2013-004479-11","DRKS00005380","2013-004479-11",TRUE,TRUE,NA
"DRKS00005380_NCT02042391","DRKS00005380","NCT02042391",TRUE,TRUE,NA
"DRKS00018695_2018-003691-12","DRKS00018695","2018-003691-12",FALSE,TRUE,NA
"DRKS00016064_2016-001925-15","DRKS00016064","2016-001925-15",FALSE,TRUE,NA
"DRKS00028086_2021-005495-19","DRKS00028086","2021-005495-19",FALSE,TRUE,NA
"DRKS00007918_2012-004191-20","DRKS00007918","2012-004191-20",TRUE,TRUE,NA
"DRKS00007918_NCT01892137","DRKS00007918","NCT01892137",TRUE,TRUE,NA
"DRKS00007913_2013-001383-31","DRKS00007913","2013-001383-31",FALSE,TRUE,NA
"DRKS00007910_2014-001541-24","DRKS00007910","2014-001541-24",FALSE,TRUE,NA
"DRKS00007903_2014-005620-10","DRKS00007903","2014-005620-10",FALSE,TRUE,NA
"DRKS00019907_2019-000502-30","DRKS00019907","2019-000502-30",FALSE,TRUE,NA
"DRKS00020911_2019-003754-80","DRKS00020911","2019-003754-80",FALSE,TRUE,NA
"DRKS00019921_2016-001784-36","DRKS00019921","2016-001784-36",FALSE,TRUE,NA
"DRKS00005311_NCT01686958","DRKS00005311","NCT01686958",FALSE,TRUE,NA
"DRKS00007990_NCT02655289","DRKS00007990","NCT02655289",FALSE,TRUE,NA
"DRKS00020940_2019-003770-85","DRKS00020940","2019-003770-85",FALSE,TRUE,NA
"DRKS00005323_2011-006344-71","DRKS00005323","2011-006344-71",FALSE,TRUE,NA
"DRKS00017448_2019-002216-72","DRKS00017448","2019-002216-72",FALSE,TRUE,NA
"DRKS00031770_NCT05665608","DRKS00031770","NCT05665608",FALSE,TRUE,NA
"DRKS00017475_2018-001874-89","DRKS00017475","2018-001874-89",TRUE,TRUE,NA
"DRKS00017475_NCT03869385","DRKS00017475","NCT03869385",TRUE,TRUE,NA
"DRKS00030404_2022-003201-30","DRKS00030404","2022-003201-30",FALSE,TRUE,NA
"DRKS00017467_2016-001179-60","DRKS00017467","2016-001179-60",TRUE,TRUE,NA
"DRKS00017467_NCT02961257","DRKS00017467","NCT02961257",TRUE,TRUE,NA
"DRKS00017468_2019-001725-27","DRKS00017468","2019-001725-27",FALSE,TRUE,NA
"DRKS00017462_2018-004523-36","DRKS00017462","2018-004523-36",FALSE,TRUE,NA
"DRKS00005485_2013-000776-15","DRKS00005485","2013-000776-15",FALSE,TRUE,NA
"DRKS00017497_2019-001423-12","DRKS00017497","2019-001423-12",TRUE,TRUE,NA
"DRKS00017497_NCT03993262","DRKS00017497","NCT03993262",TRUE,TRUE,NA
"DRKS00004186_2011-004228-37","DRKS00004186","2011-004228-37",FALSE,TRUE,NA
"DRKS00004172_NCT01625325","DRKS00004172","NCT01625325",FALSE,TRUE,NA
"DRKS00016158_NCT03237494","DRKS00016158","NCT03237494",FALSE,TRUE,NA
"DRKS00004178_NCT01624181","DRKS00004178","NCT01624181",FALSE,TRUE,NA
"DRKS00004192_2010-021821-10","DRKS00004192","2010-021821-10",TRUE,TRUE,NA
"DRKS00004192_NCT01351610","DRKS00004192","NCT01351610",TRUE,TRUE,NA
"DRKS00006745_NCT02222883","DRKS00006745","NCT02222883",FALSE,TRUE,NA
"DRKS00005412_2013-002034-21","DRKS00005412","2013-002034-21",FALSE,TRUE,NA
"DRKS00005409_2013-002737-38","DRKS00005409","2013-002737-38",FALSE,TRUE,NA
"DRKS00017416_2019-000922-23","DRKS00017416","2019-000922-23",FALSE,TRUE,NA
"DRKS00029409_2019-001439-29","DRKS00029409","2019-001439-29",TRUE,TRUE,NA
"DRKS00029409_NCT05494866","DRKS00029409","NCT05494866",TRUE,TRUE,NA
"DRKS00005432_2012-004585-18","DRKS00005432","2012-004585-18",FALSE,TRUE,NA
"DRKS00018764_NCT03621540","DRKS00018764","NCT03621540",FALSE,TRUE,NA
"DRKS00006785_NCT02535884","DRKS00006785","NCT02535884",FALSE,TRUE,NA
"DRKS00005455_2012-004442-15","DRKS00005455","2012-004442-15",FALSE,TRUE,NA
"DRKS00005443_2012-001006-24","DRKS00005443","2012-001006-24",FALSE,TRUE,NA
"DRKS00005441_2013-002272-40","DRKS00005441","2013-002272-40",TRUE,TRUE,NA
"DRKS00005441_NCT01944800","DRKS00005441","NCT01944800",TRUE,TRUE,NA
"DRKS00005442_2013-000596-33","DRKS00005442","2013-000596-33",FALSE,TRUE,NA
"DRKS00007777_2014-000709-10","DRKS00007777","2014-000709-10",FALSE,TRUE,NA
"DRKS00007792_2013-001866-40","DRKS00007792","2013-001866-40",FALSE,TRUE,NA
"DRKS00020739_2018-003005-25","DRKS00020739","2018-003005-25",FALSE,TRUE,NA
"DRKS00017102_2018-002620-17","DRKS00017102","2018-002620-17",TRUE,TRUE,NA
"DRKS00017102_NCT03661528","DRKS00017102","NCT03661528",TRUE,TRUE,NA
"DRKS00005126_2012-005414-18","DRKS00005126","2012-005414-18",FALSE,TRUE,NA
"DRKS00007787_2013-004879-13","DRKS00007787","2013-004879-13",TRUE,TRUE,NA
"DRKS00007787_NCT02484339","DRKS00007787","NCT02484339",TRUE,TRUE,NA
"DRKS00020770_2018-000876-14","DRKS00020770","2018-000876-14",TRUE,TRUE,NA
"DRKS00020770_NCT04246684","DRKS00020770","NCT04246684",TRUE,TRUE,NA
"DRKS00030103_2022-004164-24","DRKS00030103","2022-004164-24",FALSE,TRUE,NA
"DRKS00005198_NCT01920308","DRKS00005198","NCT01920308",FALSE,TRUE,NA
"DRKS00005184_2012-003426-24","DRKS00005184","2012-003426-24",FALSE,TRUE,NA
"DRKS00031463_2022-000714-33","DRKS00031463","2022-000714-33",FALSE,TRUE,NA
"DRKS00017191_2019-002616-56","DRKS00017191","2019-002616-56",FALSE,TRUE,NA
"DRKS00007710_2014-000569-35","DRKS00007710","2014-000569-35",FALSE,TRUE,NA
"DRKS00007890_2013-002914-11","DRKS00007890","2013-002914-11",FALSE,TRUE,NA
"DRKS00005234_2010-022923-31","DRKS00005234","2010-022923-31",TRUE,TRUE,NA
"DRKS00005234_NCT01475344","DRKS00005234","NCT01475344",TRUE,TRUE,NA
"DRKS00005220_2012-001415-23","DRKS00005220","2012-001415-23",FALSE,TRUE,NA
"DRKS00019893_2019-004244-29","DRKS00019893","2019-004244-29",FALSE,TRUE,NA
"DRKS00005258_2013-000107-17","DRKS00005258","2013-000107-17",FALSE,TRUE,NA
"DRKS00019884_NCT04172649","DRKS00019884","NCT04172649",FALSE,TRUE,NA
"DRKS00005271_2012-005312-26","DRKS00005271","2012-005312-26",FALSE,TRUE,NA
"DRKS00017255_2018-001708-12","DRKS00017255","2018-001708-12",FALSE,TRUE,NA
"DRKS00005261_NCT01847508","DRKS00005261","NCT01847508",FALSE,TRUE,NA
"DRKS00005269_2013-001062-41","DRKS00005269","2013-001062-41",FALSE,TRUE,NA
"DRKS00005263_NCT01950871","DRKS00005263","NCT01950871",FALSE,TRUE,NA
"DRKS00020899_2019-004626-22","DRKS00020899","2019-004626-22",FALSE,TRUE,NA
"DRKS00030278_NCT05548699","DRKS00030278","NCT05548699",FALSE,TRUE,NA
"DRKS00017290_2019-000914-12","DRKS00017290","2019-000914-12",FALSE,TRUE,NA
"DRKS00007802_2014-000346-30","DRKS00007802","2014-000346-30",FALSE,TRUE,NA
"DRKS00005219_2012-003882-17","DRKS00005219","2012-003882-17",FALSE,TRUE,NA
"DRKS00006547_2014-001991-76","DRKS00006547","2014-001991-76",FALSE,TRUE,NA
"DRKS00006541_2013-001998-24","DRKS00006541","2013-001998-24",FALSE,TRUE,NA
"DRKS00020509_2019-002197-31","DRKS00020509","2019-002197-31",FALSE,TRUE,NA
"DRKS00020511_2018-004407-39","DRKS00020511","2018-004407-39",TRUE,TRUE,NA
"DRKS00020511_NCT03759678","DRKS00020511","NCT03759678",TRUE,TRUE,NA
"DRKS00033802_NCT04886232","DRKS00033802","NCT04886232",FALSE,TRUE,NA
"DRKS00006241_2014-001304-21","DRKS00006241","2014-001304-21",FALSE,TRUE,NA
"DRKS00006240_2013-004882-15","DRKS00006240","2013-004882-15",FALSE,TRUE,NA
"DRKS00020561_2020-000382-16","DRKS00020561","2020-000382-16",FALSE,TRUE,NA
"DRKS00007568_2014-002765-30","DRKS00007568","2014-002765-30",TRUE,TRUE,NA
"DRKS00007568_NCT02146547","DRKS00007568","NCT02146547",TRUE,TRUE,NA
"DRKS00007564_2010-024376-25","DRKS00007564","2010-024376-25",FALSE,TRUE,NA
"DRKS00020527_NCT03256240","DRKS00020527","NCT03256240",FALSE,TRUE,NA
"DRKS00020543_2016-004775-51","DRKS00020543","2016-004775-51",TRUE,TRUE,NA
"DRKS00020543_NCT03897491","DRKS00020543","NCT03897491",TRUE,TRUE,NA
"DRKS00006283_NCT02182466","DRKS00006283","NCT02182466",FALSE,TRUE,NA
"DRKS00006281_NCT02262949","DRKS00006281","NCT02262949",FALSE,TRUE,NA
"DRKS00020572_NCT04236245","DRKS00020572","NCT04236245",FALSE,TRUE,NA
"DRKS00020579_2016-005105-39","DRKS00020579","2016-005105-39",FALSE,TRUE,NA
"DRKS00020585_2017-002588-17","DRKS00020585","2017-002588-17",FALSE,TRUE,NA
"DRKS00031196_NCT05802836","DRKS00031196","NCT05802836",FALSE,TRUE,NA
"DRKS00008984_2012-003750-89","DRKS00008984","2012-003750-89",FALSE,TRUE,NA
"DRKS00006330_2014-000180-41","DRKS00006330","2014-000180-41",FALSE,TRUE,NA
"DRKS00031319_NCT04953208","DRKS00031319","NCT04953208",FALSE,TRUE,NA
"DRKS00032648_2021-006562-20","DRKS00032648","2021-006562-20",FALSE,TRUE,NA
"DRKS00005038_NCT02030392","DRKS00005038","NCT02030392",FALSE,TRUE,NA
"DRKS00005039_2009-013702-14","DRKS00005039","2009-013702-14",FALSE,TRUE,NA
"DRKS00029011_NCT04310644","DRKS00029011","NCT04310644",FALSE,TRUE,NA
"DRKS00017001_2017-000705-20","DRKS00017001","2017-000705-20",TRUE,TRUE,NA
"DRKS00017001_NCT03007147","DRKS00017001","NCT03007147",TRUE,TRUE,NA
"DRKS00006359_2013-004414-18","DRKS00006359","2013-004414-18",FALSE,TRUE,NA
"DRKS00005028_2012-004189-16","DRKS00005028","2012-004189-16",FALSE,TRUE,NA
"DRKS00005026_2011-005840-87","DRKS00005026","2011-005840-87",FALSE,TRUE,NA
"DRKS00005021_2013-002359-14","DRKS00005021","2013-002359-14",FALSE,TRUE,NA
"DRKS00005041_2013-000140-26","DRKS00005041","2013-000140-26",FALSE,TRUE,NA
"DRKS00005040_2009-013701-34","DRKS00005040","2009-013701-34",FALSE,TRUE,NA
"DRKS00005072_NCT02629432","DRKS00005072","NCT02629432",FALSE,TRUE,NA
"DRKS00029044_2021-002572-39","DRKS00029044","2021-002572-39",FALSE,TRUE,NA
"DRKS00005079_NCT01279174","DRKS00005079","NCT01279174",FALSE,TRUE,NA
"DRKS00017041_NCT03916159","DRKS00017041","NCT03916159",FALSE,TRUE,NA
"DRKS00005090_2010-018637-21","DRKS00005090","2010-018637-21",FALSE,TRUE,NA
"DRKS00030008_NCT05572385","DRKS00030008","NCT05572385",FALSE,TRUE,NA
"DRKS00017081_2018-000492-32","DRKS00017081","2018-000492-32",FALSE,TRUE,NA
"DRKS00008900_2015-002305-11","DRKS00008900","2015-002305-11",FALSE,TRUE,NA
"DRKS00008947_2014-002009-40","DRKS00008947","2014-002009-40",TRUE,TRUE,NA
"DRKS00008947_NCT02256436","DRKS00008947","NCT02256436",TRUE,TRUE,NA
"DRKS00007618_2014-001493-34","DRKS00007618","2014-001493-34",FALSE,TRUE,NA
"DRKS00007617_NCT02309593","DRKS00007617","NCT02309593",FALSE,TRUE,NA
"DRKS00007633_2014-000303-28","DRKS00007633","2014-000303-28",FALSE,TRUE,NA
"DRKS00008952_2010-024202-34","DRKS00008952","2010-024202-34",FALSE,TRUE,NA
"DRKS00007625_2014-001280-13","DRKS00007625","2014-001280-13",TRUE,TRUE,NA
"DRKS00007625_NCT02268383","DRKS00007625","NCT02268383",TRUE,TRUE,NA
"DRKS00010942_2015-000388-15","DRKS00010942","2015-000388-15",FALSE,TRUE,NA
"DRKS00009971_2015-000488-15","DRKS00009971","2015-000488-15",FALSE,TRUE,NA
"DRKS00010952_2014-003076-22","DRKS00010952","2014-003076-22",FALSE,TRUE,NA
"DRKS00009967_2015-002222-40","DRKS00009967","2015-002222-40",TRUE,TRUE,NA
"DRKS00009967_NCT02633800","DRKS00009967","NCT02633800",TRUE,TRUE,NA
"DRKS00022971_NCT05035693","DRKS00022971","NCT05035693",FALSE,TRUE,NA
"DRKS00009985_2015-000268-32","DRKS00009985","2015-000268-32",FALSE,TRUE,NA
"DRKS00021626_2020-001349-37","DRKS00021626","2020-001349-37",TRUE,TRUE,NA
"DRKS00021626_NCT04327505","DRKS00021626","NCT04327505",TRUE,TRUE,NA
"DRKS00032341_NCT06007170","DRKS00032341","NCT06007170",FALSE,TRUE,NA
"DRKS00032342_NCT06007144","DRKS00032342","NCT06007144",FALSE,TRUE,NA
"DRKS00021695_NCT04392258","DRKS00021695","NCT04392258",FALSE,TRUE,NA
"DRKS00020364_2016-004551-67","DRKS00020364","2016-004551-67",FALSE,TRUE,NA
"DRKS00031009_2022-004137-39","DRKS00031009","2022-004137-39",TRUE,TRUE,NA
"DRKS00031009_NCT06097533","DRKS00031009","NCT06097533",TRUE,TRUE,NA
"DRKS00032316_2022-000054-28","DRKS00032316","2022-000054-28",FALSE,TRUE,NA
"DRKS00006055_2014-001479-30","DRKS00006055","2014-001479-30",TRUE,TRUE,NA
"DRKS00006055_NCT02717884","DRKS00006055","NCT02717884",TRUE,TRUE,NA
"DRKS00006087_2013-002332-24","DRKS00006087","2013-002332-24",FALSE,TRUE,NA
"DRKS00018065_2019-003209-89","DRKS00018065","2019-003209-89",FALSE,TRUE,NA
"DRKS00031053_NCT05582902","DRKS00031053","NCT05582902",FALSE,TRUE,NA
"DRKS00031059_2022-003756-13","DRKS00031059","2022-003756-13",FALSE,TRUE,NA
"DRKS00018081_2019-003255-10","DRKS00018081","2019-003255-10",FALSE,TRUE,NA
"DRKS00032279_2022-001366-35","DRKS00032279","2022-001366-35",FALSE,TRUE,NA
"DRKS00009914_2012-001582-33","DRKS00009914","2012-001582-33",FALSE,TRUE,NA
"DRKS00009915_2012-001583-29","DRKS00009915","2012-001583-29",FALSE,TRUE,NA
"DRKS00008743_NCT02605668","DRKS00008743","NCT02605668",FALSE,TRUE,NA
"DRKS00021732_2020-001431-27","DRKS00021732","2020-001431-27",FALSE,TRUE,NA
"DRKS00020401_2019-002461-35","DRKS00020401","2019-002461-35",FALSE,TRUE,NA
"DRKS00033704_NCT06389838","DRKS00033704","NCT06389838",FALSE,TRUE,NA
"DRKS00008766_2015-000974-37","DRKS00008766","2015-000974-37",FALSE,TRUE,NA
"DRKS00006102_2014-001148-40","DRKS00006102","2014-001148-40",FALSE,TRUE,NA
"DRKS00008750_2014-001968-35","DRKS00008750","2014-001968-35",FALSE,TRUE,NA
"DRKS00008783_2015-002491-24","DRKS00008783","2015-002491-24",FALSE,TRUE,NA
"DRKS00008784_2014-003746-27","DRKS00008784","2014-003746-27",TRUE,TRUE,NA
"DRKS00008784_NCT02503293","DRKS00008784","NCT02503293",TRUE,TRUE,NA
"DRKS00008770_NCT02454543","DRKS00008770","NCT02454543",FALSE,TRUE,NA
"DRKS00006144_NCT02013349","DRKS00006144","NCT02013349",FALSE,TRUE,NA
"DRKS00020471_2019-000259-15","DRKS00020471","2019-000259-15",TRUE,TRUE,NA
"DRKS00020471_NCT03843385","DRKS00020471","NCT03843385",TRUE,TRUE,NA
"DRKS00006173_2013-000614-38","DRKS00006173","2013-000614-38",FALSE,TRUE,NA
"DRKS00006178_2013-004353-24","DRKS00006178","2013-004353-24",FALSE,TRUE,NA
"DRKS00031099_2021-006773-38","DRKS00031099","2021-006773-38",FALSE,TRUE,NA
"DRKS00031062_2022-000660-22","DRKS00031062","2022-000660-22",FALSE,TRUE,NA
"DRKS00031074_2022-002791-36","DRKS00031074","2022-002791-36",FALSE,TRUE,NA
"DRKS00004917_2012-003630-16","DRKS00004917","2012-003630-16",TRUE,TRUE,NA
"DRKS00004917_NCT01755520","DRKS00004917","NCT01755520",TRUE,TRUE,NA
"DRKS00004913_2012-004125-24","DRKS00004913","2012-004125-24",TRUE,TRUE,NA
"DRKS00004913_NCT01837251","DRKS00004913","NCT01837251",TRUE,TRUE,NA
"DRKS00003516_2009-015119-42","DRKS00003516","2009-015119-42",TRUE,TRUE,NA
"DRKS00003516_NCT01374789","DRKS00003516","NCT01374789",TRUE,TRUE,NA
"DRKS00003518_2008-007609-36","DRKS00003518","2008-007609-36",TRUE,TRUE,NA
"DRKS00003518_NCT01216371","DRKS00003518","NCT01216371",TRUE,TRUE,NA
"DRKS00004844_2011-003471-11","DRKS00004844","2011-003471-11",FALSE,TRUE,NA
"DRKS00003514_2010-022660-12","DRKS00003514","2010-022660-12",FALSE,TRUE,NA
"DRKS00003527_2010-023414-31","DRKS00003527","2010-023414-31",FALSE,TRUE,NA
"DRKS00003526_2007-005095-14","DRKS00003526","2007-005095-14",FALSE,TRUE,NA
"DRKS00003529_2012-000030-19","DRKS00003529","2012-000030-19",FALSE,TRUE,NA
"DRKS00004858_2013-001599-40","DRKS00004858","2013-001599-40",FALSE,TRUE,NA
"DRKS00003551_2011-004944-23","DRKS00003551","2011-004944-23",FALSE,TRUE,NA
"DRKS00003549_2011-001765-41","DRKS00003549","2011-001765-41",FALSE,TRUE,NA
"DRKS00028829_2021-006485-20","DRKS00028829","2021-006485-20",FALSE,TRUE,NA
"DRKS00004871_2011-004393-28","DRKS00004871","2011-004393-28",FALSE,TRUE,NA
"DRKS00027537_2018-004558-30","DRKS00027537","2018-004558-30",FALSE,TRUE,NA
"DRKS00003588_2008-003658-13","DRKS00003588","2008-003658-13",TRUE,TRUE,NA
"DRKS00003588_NCT00824083","DRKS00003588","NCT00824083",TRUE,TRUE,NA
"DRKS00028865_2021-002554-90","DRKS00028865","2021-002554-90",FALSE,TRUE,NA
"DRKS00014289_2017-000635-13","DRKS00014289","2017-000635-13",FALSE,TRUE,NA
"DRKS00025078_2021-002073-26","DRKS00025078","2021-002073-26",FALSE,TRUE,NA
"DRKS00003705_NCT01425957","DRKS00003705","NCT01425957",FALSE,TRUE,NA
"DRKS00003611_2011-002271-42","DRKS00003611","2011-002271-42",TRUE,TRUE,NA
"DRKS00003611_NCT01488955","DRKS00003611","NCT01488955",TRUE,TRUE,NA
"DRKS00016915_2015-005743-14","DRKS00016915","2015-005743-14",TRUE,TRUE,NA
"DRKS00016915_NCT02624765","DRKS00016915","NCT02624765",TRUE,TRUE,NA
"DRKS00003603_2011-002463-20","DRKS00003603","2011-002463-20",FALSE,TRUE,NA
"DRKS00016940_2016-002460-13","DRKS00016940","2016-002460-13",TRUE,TRUE,NA
"DRKS00016940_NCT03188796","DRKS00016940","NCT03188796",TRUE,TRUE,NA
"DRKS00004962_2013-002036-24","DRKS00004962","2013-002036-24",FALSE,TRUE,NA
"DRKS00016937_2018-001596-20","DRKS00016937","2018-001596-20",FALSE,TRUE,NA
"DRKS00003624_2010-024300-10","DRKS00003624","2010-024300-10",TRUE,TRUE,NA
"DRKS00003624_NCT01485978","DRKS00003624","NCT01485978",TRUE,TRUE,NA
"DRKS00028968_NCT02951416","DRKS00028968","NCT02951416",FALSE,TRUE,NA
"DRKS00028931_NCT04529122","DRKS00028931","NCT04529122",FALSE,TRUE,NA
"DRKS00014313_NCT02670291","DRKS00014313","NCT02670291",FALSE,TRUE,NA
"DRKS00015645_2017-000868-15","DRKS00015645","2017-000868-15",FALSE,TRUE,NA
"DRKS00001038_NCT00410631","DRKS00001038","NCT00410631",FALSE,TRUE,NA
"DRKS00014360_2017-004729-34","DRKS00014360","2017-004729-34",FALSE,TRUE,NA
"DRKS00014353_2014-001594-14","DRKS00014353","2014-001594-14",FALSE,TRUE,NA
"DRKS00015681_NCT02679404","DRKS00015681","NCT02679404",FALSE,TRUE,NA
"DRKS00028981_2022-001487-94","DRKS00028981","2022-001487-94",FALSE,TRUE,NA
"DRKS00028982_2021-004328-13","DRKS00028982","2021-004328-13",FALSE,TRUE,NA
"DRKS00013063_NCT03293719","DRKS00013063","NCT03293719",FALSE,TRUE,NA
"DRKS00002070_2008-000782-35","DRKS00002070","2008-000782-35",FALSE,TRUE,NA
"DRKS00002072_2007-002560-10","DRKS00002072","2007-002560-10",FALSE,TRUE,NA
"DRKS00014054_2018-000415-25","DRKS00014054","2018-000415-25",FALSE,TRUE,NA
"DRKS00029921_NCT03434314","DRKS00029921","NCT03434314",FALSE,TRUE,NA
"DRKS00005941_2011-003471-11","DRKS00005941","2011-003471-11",FALSE,TRUE,NA
"DRKS00004643_2011-005615-87","DRKS00004643","2011-005615-87",FALSE,TRUE,NA
"DRKS00029915_NCT05495633","DRKS00029915","NCT05495633",FALSE,TRUE,NA
"DRKS00003301_2011-005655-13","DRKS00003301","2011-005655-13",FALSE,TRUE,NA
"DRKS00003337_NCT01540383","DRKS00003337","NCT01540383",FALSE,TRUE,NA
"DRKS00003324_2011-001819-30","DRKS00003324","2011-001819-30",FALSE,TRUE,NA
"DRKS00003323_2011-003656-39","DRKS00003323","2011-003656-39",FALSE,TRUE,NA
"DRKS00004652_2012-000108-13","DRKS00004652","2012-000108-13",FALSE,TRUE,NA
"DRKS00015324_NCT03644225","DRKS00015324","NCT03644225",FALSE,TRUE,NA
"DRKS00003349_2011-005628-16","DRKS00003349","2011-005628-16",FALSE,TRUE,NA
"DRKS00014023_NCT02996266","DRKS00014023","NCT02996266",FALSE,TRUE,NA
"DRKS00003379_NCT01353443","DRKS00003379","NCT01353443",FALSE,TRUE,NA
"DRKS00016679_2018-001664-38","DRKS00016679","2018-001664-38",FALSE,TRUE,NA
"DRKS00016673_NCT03868514","DRKS00016673","NCT03868514",FALSE,TRUE,NA
"DRKS00003368_NCT01544686","DRKS00003368","NCT01544686",FALSE,TRUE,NA
"DRKS00004698_2012-005075-14","DRKS00004698","2012-005075-14",FALSE,TRUE,NA
"DRKS00030971_2022-004129-34","DRKS00030971","2022-004129-34",FALSE,TRUE,NA
"DRKS00003397_2005-006098-29","DRKS00003397","2005-006098-29",TRUE,TRUE,NA
"DRKS00003397_NCT01215266","DRKS00003397","NCT01215266",TRUE,TRUE,NA
"DRKS00003394_NCT01215071","DRKS00003394","NCT01215071",FALSE,TRUE,NA
"DRKS00016696_2017-001100-30","DRKS00016696","2017-001100-30",FALSE,TRUE,NA
"DRKS00014030_2016-004551-67","DRKS00014030","2016-004551-67",FALSE,TRUE,NA
"DRKS00026178_2019-004890-21","DRKS00026178","2019-004890-21",FALSE,TRUE,NA
"DRKS00027485_2021-000601-24","DRKS00027485","2021-000601-24",FALSE,TRUE,NA
"DRKS00026161_2020-004522-32","DRKS00026161","2020-004522-32",FALSE,TRUE,NA
"DRKS00004800_2013-000253-50","DRKS00004800","2013-000253-50",FALSE,TRUE,NA
"DRKS00004716_2011-006204-13","DRKS00004716","2011-006204-13",FALSE,TRUE,NA
"DRKS00004744_2011-006211-64","DRKS00004744","2011-006211-64",FALSE,TRUE,NA
"DRKS00004741_2013-000577-77","DRKS00004741","2013-000577-77",TRUE,TRUE,NA
"DRKS00004741_NCT01792804","DRKS00004741","NCT01792804",TRUE,TRUE,NA
"DRKS00003407_2011-000624-16","DRKS00003407","2011-000624-16",FALSE,TRUE,NA
"DRKS00003449_2011-004249-42","DRKS00003449","2011-004249-42",FALSE,TRUE,NA
"DRKS00004776_2012-004383-22","DRKS00004776","2012-004383-22",FALSE,TRUE,NA
"DRKS00004774_2012-004074-25","DRKS00004774","2012-004074-25",FALSE,TRUE,NA
"DRKS00028761_2024-517237-40","DRKS00028761","2024-517237-40",FALSE,TRUE,NA
"DRKS00003478_2011-005022-22","DRKS00003478","2011-005022-22",FALSE,TRUE,NA
"DRKS00015449_2017-003422-32","DRKS00015449","2017-003422-32",FALSE,TRUE,NA
"DRKS00004793_NCT01819077","DRKS00004793","NCT01819077",FALSE,TRUE,NA
"DRKS00003499_2010-023138-22","DRKS00003499","2010-023138-22",TRUE,TRUE,NA
"DRKS00003499_NCT01209169","DRKS00003499","NCT01209169",TRUE,TRUE,NA
"DRKS00003495_2011-003273-28","DRKS00003495","2011-003273-28",FALSE,TRUE,NA
"DRKS00003494_2011-005530-19","DRKS00003494","2011-005530-19",FALSE,TRUE,NA
"DRKS00003480_2011-005001-78","DRKS00003480","2011-005001-78",FALSE,TRUE,NA
"DRKS00015483_NCT04013269","DRKS00015483","NCT04013269",FALSE,TRUE,NA
"DRKS00002178_NCT00697333","DRKS00002178","NCT00697333",FALSE,TRUE,NA
"DRKS00003170_2011-000152-42","DRKS00003170","2011-000152-42",FALSE,TRUE,NA
"DRKS00027122_2019-002734-37","DRKS00027122","2019-002734-37",TRUE,TRUE,NA
"DRKS00027122_NCT04617457","DRKS00027122","NCT04617457",TRUE,TRUE,NA
"DRKS00027138_2020-006144-18","DRKS00027138","2020-006144-18",TRUE,TRUE,NA
"DRKS00027138_NCT05008809","DRKS00027138","NCT05008809",TRUE,TRUE,NA
"DRKS00003187_2011-000281-35","DRKS00003187","2011-000281-35",TRUE,TRUE,NA
"DRKS00003187_NCT01163032","DRKS00003187","NCT01163032",TRUE,TRUE,NA
"DRKS00027165_2015-004172-30","DRKS00027165","2015-004172-30",FALSE,TRUE,NA
"DRKS00004405_NCT01717677","DRKS00004405","NCT01717677",FALSE,TRUE,NA
"DRKS00004400_2012-002800-42","DRKS00004400","2012-002800-42",FALSE,TRUE,NA
"DRKS00005723_2007-000423-18","DRKS00005723","2007-000423-18",FALSE,TRUE,NA
"DRKS00017736_2019-000972-40","DRKS00017736","2019-000972-40",FALSE,TRUE,NA
"DRKS00004426_NCT01793012","DRKS00004426","NCT01793012",FALSE,TRUE,NA
"DRKS00004421_NCT01619124","DRKS00004421","NCT01619124",FALSE,TRUE,NA
"DRKS00017750_2019-003148-61","DRKS00017750","2019-003148-61",FALSE,TRUE,NA
"DRKS00003112_2009-012851-33","DRKS00003112","2009-012851-33",FALSE,TRUE,NA
"DRKS00017740_NCT04032756","DRKS00017740","NCT04032756",FALSE,TRUE,NA
"DRKS00003104_2010-020937-14","DRKS00003104","2010-020937-14",TRUE,TRUE,NA
"DRKS00003104_NCT01194934","DRKS00003104","NCT01194934",TRUE,TRUE,NA
"DRKS00003102_2011-000705-46","DRKS00003102","2011-000705-46",FALSE,TRUE,NA
"DRKS00015119_2018-002646-36","DRKS00015119","2018-002646-36",FALSE,TRUE,NA
"DRKS00030745_NCT05658172","DRKS00030745","NCT05658172",FALSE,TRUE,NA
"DRKS00003139_2009-017261-32","DRKS00003139","2009-017261-32",FALSE,TRUE,NA
"DRKS00005797_NCT02097693","DRKS00005797","NCT02097693",FALSE,TRUE,NA
"DRKS00003133_2008-008555-41","DRKS00003133","2008-008555-41",FALSE,TRUE,NA
"DRKS00003136_2010-021790-37","DRKS00003136","2010-021790-37",FALSE,TRUE,NA
"DRKS00017765_2016-000418-31","DRKS00017765","2016-000418-31",TRUE,TRUE,NA
"DRKS00017765_NCT03931928","DRKS00017765","NCT03931928",TRUE,TRUE,NA
"DRKS00017760_2019-002012-12","DRKS00017760","2019-002012-12",FALSE,TRUE,NA
"DRKS00003127_2010-022179-79","DRKS00003127","2010-022179-79",FALSE,TRUE,NA
"DRKS00004455_2011-006250-90","DRKS00004455","2011-006250-90",FALSE,TRUE,NA
"DRKS00004456_NCT01534819","DRKS00004456","NCT01534819",FALSE,TRUE,NA
"DRKS00004452_2011-005099-40","DRKS00004452","2011-005099-40",FALSE,TRUE,NA
"DRKS00015137_2017-003002-40","DRKS00015137","2017-003002-40",FALSE,TRUE,NA
"DRKS00003152_NCT00591032","DRKS00003152","NCT00591032",FALSE,TRUE,NA
"DRKS00003153_NCT01145040","DRKS00003153","NCT01145040",FALSE,TRUE,NA
"DRKS00003149_2010-022579-68","DRKS00003149","2010-022579-68",TRUE,TRUE,NA
"DRKS00003149_NCT01391507","DRKS00003149","NCT01391507",TRUE,TRUE,NA
"DRKS00003145_2009-015942-50","DRKS00003145","2009-015942-50",TRUE,TRUE,NA
"DRKS00003145_NCT01421186","DRKS00003145","NCT01421186",TRUE,TRUE,NA
"DRKS00003147_NCT00976859","DRKS00003147","NCT00976859",FALSE,TRUE,NA
"DRKS00003280_2010-022864-12","DRKS00003280","2010-022864-12",FALSE,TRUE,NA
"DRKS00016594_NCT03638479","DRKS00016594","NCT03638479",FALSE,TRUE,NA
"DRKS00016593_NCT03811132","DRKS00016593","NCT03811132",FALSE,TRUE,NA
"DRKS00015289_2016-001935-12","DRKS00015289","2016-001935-12",TRUE,TRUE,NA
"DRKS00015289_NCT03643276","DRKS00015289","NCT03643276",TRUE,TRUE,NA
"DRKS00028589_2021-001954-76","DRKS00028589","2021-001954-76",FALSE,TRUE,NA
"DRKS00005819_2012-003473-26","DRKS00005819","2012-003473-26",FALSE,TRUE,NA
"DRKS00004527_NCT01967355","DRKS00004527","NCT01967355",FALSE,TRUE,NA
"DRKS00004521_2012-002887-29","DRKS00004521","2012-002887-29",FALSE,TRUE,NA
"DRKS00004519_2010-023584-17","DRKS00004519","2010-023584-17",FALSE,TRUE,NA
"DRKS00017819_NCT04023942","DRKS00017819","NCT04023942",FALSE,TRUE,NA
"DRKS00028518_2021-002335-33","DRKS00028518","2021-002335-33",FALSE,TRUE,NA
"DRKS00003217_2010-021782-70","DRKS00003217","2010-021782-70",FALSE,TRUE,NA
"DRKS00004546_NCT01728441","DRKS00004546","NCT01728441",FALSE,TRUE,NA
"DRKS00004531_2012-002523-14","DRKS00004531","2012-002523-14",TRUE,TRUE,NA
"DRKS00004531_NCT01749514","DRKS00004531","NCT01749514",TRUE,TRUE,NA
"DRKS00015218_2018-003048-22","DRKS00015218","2018-003048-22",FALSE,TRUE,NA
"DRKS00015212_NCT03652883","DRKS00015212","NCT03652883",FALSE,TRUE,NA
"DRKS00004569_2012-000341-13","DRKS00004569","2012-000341-13",FALSE,TRUE,NA
"DRKS00004559_2007-000579-40","DRKS00004559","2007-000579-40",FALSE,TRUE,NA
"DRKS00004551_2008-004182-26","DRKS00004551","2008-004182-26",FALSE,TRUE,NA
"DRKS00016567_2018-004331-71","DRKS00016567","2018-004331-71",TRUE,TRUE,NA
"DRKS00016567_NCT03759639","DRKS00016567","NCT03759639",TRUE,TRUE,NA
"DRKS00030865_2022-002327-35","DRKS00030865","2022-002327-35",FALSE,TRUE,NA
"DRKS00004587_2012-002406-46","DRKS00004587","2012-002406-46",FALSE,TRUE,NA
"DRKS00003256_NCT01555086","DRKS00003256","NCT01555086",FALSE,TRUE,NA
"DRKS00003252_2011-005603-32","DRKS00003252","2011-005603-32",FALSE,TRUE,NA
"DRKS00003248_2010-023396-25","DRKS00003248","2010-023396-25",FALSE,TRUE,NA
"DRKS00003246_2011-004463-69","DRKS00003246","2011-004463-69",FALSE,TRUE,NA
"DRKS00003241_2010-023404-26","DRKS00003241","2010-023404-26",FALSE,TRUE,NA
"DRKS00003272_2011-004235-31","DRKS00003272","2011-004235-31",FALSE,TRUE,NA
"DRKS00016573_2017-000120-10","DRKS00016573","2017-000120-10",FALSE,TRUE,NA
"DRKS00004595_2009-014576-22","DRKS00004595","2009-014576-22",FALSE,TRUE,NA
"DRKS00003261_2010-024189-23","DRKS00003261","2010-024189-23",FALSE,TRUE,NA
"DRKS00004266_NCT01967407","DRKS00004266","NCT01967407",FALSE,TRUE,NA
"DRKS00005594_2013-001601-85","DRKS00005594","2013-001601-85",FALSE,TRUE,NA
"DRKS00005584_2015-000941-22","DRKS00005584","2015-000941-22",FALSE,TRUE,NA
"DRKS00017583_2018-004557-24","DRKS00017583","2018-004557-24",FALSE,TRUE,NA
"DRKS00006828_NCT02228564","DRKS00006828","NCT02228564",FALSE,TRUE,NA
"DRKS00005503_2012-000620-17","DRKS00005503","2012-000620-17",TRUE,TRUE,NA
"DRKS00005503_NCT02531841","DRKS00005503","NCT02531841",TRUE,TRUE,NA
"DRKS00005501_2013-003868-31","DRKS00005501","2013-003868-31",TRUE,TRUE,NA
"DRKS00005501_NCT02012192","DRKS00005501","NCT02012192",TRUE,TRUE,NA
"DRKS00004203_2011-003614-17","DRKS00004203","2011-003614-17",FALSE,TRUE,NA
"DRKS00006863_2013-001081-42","DRKS00006863","2013-001081-42",FALSE,TRUE,NA
"DRKS00017501_NCT04053829","DRKS00017501","NCT04053829",FALSE,TRUE,NA
"DRKS00006854_2014-002682-30","DRKS00006854","2014-002682-30",FALSE,TRUE,NA
"DRKS00017539_2018-004406-25","DRKS00017539","2018-004406-25",TRUE,TRUE,NA
"DRKS00017539_NCT03759665","DRKS00017539","NCT03759665",TRUE,TRUE,NA
"DRKS00004224_2011-004895-13","DRKS00004224","2011-004895-13",FALSE,TRUE,NA
"DRKS00004217_NCT01655368","DRKS00004217","NCT01655368",FALSE,TRUE,NA
"DRKS00006878_2013-000338-37","DRKS00006878","2013-000338-37",FALSE,TRUE,NA
"DRKS00004215_2012-001534-34","DRKS00004215","2012-001534-34",FALSE,TRUE,NA
"DRKS00006877_2014-000907-29","DRKS00006877","2014-000907-29",TRUE,TRUE,NA
"DRKS00006877_NCT02296814","DRKS00006877","NCT02296814",TRUE,TRUE,NA
"DRKS00031816_2022-002420-13","DRKS00031816","2022-002420-13",TRUE,TRUE,NA
"DRKS00031816_NCT05646550","DRKS00031816","NCT05646550",TRUE,TRUE,NA
"DRKS00016363_2018-004564-59","DRKS00016363","2018-004564-59",FALSE,TRUE,NA
"DRKS00027025_NCT03839420","DRKS00027025","NCT03839420",FALSE,TRUE,NA
"DRKS00015024_2018-000145-39","DRKS00015024","2018-000145-39",TRUE,TRUE,NA
"DRKS00015024_NCT03492177","DRKS00015024","NCT03492177",TRUE,TRUE,NA
"DRKS00003070_2011-001472-18","DRKS00003070","2011-001472-18",FALSE,TRUE,NA
"DRKS00003073_NCT01378845","DRKS00003073","NCT01378845",FALSE,TRUE,NA
"DRKS00003072_NCT01288066","DRKS00003072","NCT01288066",FALSE,TRUE,NA
"DRKS00015059_2018-000863-98","DRKS00015059","2018-000863-98",FALSE,TRUE,NA
"DRKS00003078_2006-006088-22","DRKS00003078","2006-006088-22",FALSE,TRUE,NA
"DRKS00003074_2011-000388-28","DRKS00003074","2011-000388-28",TRUE,TRUE,NA
"DRKS00003074_NCT01394354","DRKS00003074","NCT01394354",TRUE,TRUE,NA
"DRKS00004394_2012-001592-37","DRKS00004394","2012-001592-37",FALSE,TRUE,NA
"DRKS00003090_NCT01336101","DRKS00003090","NCT01336101",FALSE,TRUE,NA
"DRKS00027081_2017-003813-24","DRKS00027081","2017-003813-24",TRUE,TRUE,NA
"DRKS00027081_NCT04543682","DRKS00027081","NCT04543682",TRUE,TRUE,NA
"DRKS00027086_2019-004223-20","DRKS00027086","2019-004223-20",TRUE,TRUE,NA
"DRKS00027086_NCT05007132","DRKS00027086","NCT05007132",TRUE,TRUE,NA
"DRKS00027098_2021-006477-32","DRKS00027098","2021-006477-32",FALSE,TRUE,NA
"DRKS00005616_2013-001626-26","DRKS00005616","2013-001626-26",FALSE,TRUE,NA
"DRKS00005610_2012-000928-18","DRKS00005610","2012-000928-18",TRUE,TRUE,NA
"DRKS00005610_NCT02008721","DRKS00005610","NCT02008721",TRUE,TRUE,NA
"DRKS00017615_2017-003690-33","DRKS00017615","2017-003690-33",TRUE,TRUE,NA
"DRKS00017615_NCT04073147","DRKS00017615","NCT04073147",TRUE,TRUE,NA
"DRKS00029619_NCT05267080","DRKS00029619","NCT05267080",FALSE,TRUE,NA
"DRKS00029617_2022-001041-20","DRKS00029617","2022-001041-20",FALSE,TRUE,NA
"DRKS00018969_2019-002068-29","DRKS00018969","2019-002068-29",FALSE,TRUE,NA
"DRKS00017637_NCT04004156","DRKS00017637","NCT04004156",FALSE,TRUE,NA
"DRKS00018965_2018-004626-28","DRKS00018965","2018-004626-28",FALSE,TRUE,NA
"DRKS00005654_NCT02039648","DRKS00005654","NCT02039648",FALSE,TRUE,NA
"DRKS00005651_2010-019181-91","DRKS00005651","2010-019181-91",FALSE,TRUE,NA
"DRKS00006980_NCT02025205","DRKS00006980","NCT02025205",FALSE,TRUE,NA
"DRKS00018959_2016-004551-67","DRKS00018959","2016-004551-67",FALSE,TRUE,NA
"DRKS00018958_2016-004551-67","DRKS00018958","2016-004551-67",FALSE,TRUE,NA
"DRKS00017626_2010-024302-35","DRKS00017626","2010-024302-35",FALSE,TRUE,NA
"DRKS00004316_2009-017581-22","DRKS00004316","2009-017581-22",FALSE,TRUE,NA
"DRKS00004312_2012-003281-40","DRKS00004312","2012-003281-40",FALSE,TRUE,NA
"DRKS00004310_NCT01666639","DRKS00004310","NCT01666639",FALSE,TRUE,NA
"DRKS00018985_2018-000853-29","DRKS00018985","2018-000853-29",FALSE,TRUE,NA
"DRKS00004349_2012-000500-15","DRKS00004349","2012-000500-15",FALSE,TRUE,NA
"DRKS00029657_2022-001096-13","DRKS00029657","2022-001096-13",FALSE,TRUE,NA
"DRKS00017671_2019-002833-12","DRKS00017671","2019-002833-12",TRUE,TRUE,NA
"DRKS00017671_NCT03820466","DRKS00017671","NCT03820466",TRUE,TRUE,NA
"DRKS00004368_2009-011088-35","DRKS00004368","2009-011088-35",FALSE,TRUE,NA
"DRKS00005696_NCT02049567","DRKS00005696","NCT02049567",FALSE,TRUE,NA
"DRKS00004366_2012-001525-27","DRKS00004366","2012-001525-27",TRUE,TRUE,NA
"DRKS00004366_NCT01691040","DRKS00004366","NCT01691040",TRUE,TRUE,NA
"DRKS00004361_2012-003696-18","DRKS00004361","2012-003696-18",TRUE,TRUE,NA
"DRKS00004361_NCT01879839","DRKS00004361","NCT01879839",TRUE,TRUE,NA
"DRKS00004353_2011-005797-32","DRKS00004353","2011-005797-32",FALSE,TRUE,NA
"DRKS00000543_2009-010116-15","DRKS00000543","2009-010116-15",FALSE,TRUE,NA
"DRKS00025856_NCT05170074","DRKS00025856","NCT05170074",FALSE,TRUE,NA
"DRKS00024520_2020-005544-34","DRKS00024520","2020-005544-34",FALSE,TRUE,NA
"DRKS00011210_NCT03071146","DRKS00011210","NCT03071146",FALSE,TRUE,NA
"DRKS00011113_2015-000538-31","DRKS00011113","2015-000538-31",FALSE,TRUE,NA
"DRKS00000467_2010-018892-20","DRKS00000467","2010-018892-20",FALSE,TRUE,NA
"DRKS00011101_NCT02912143","DRKS00011101","NCT02912143",FALSE,TRUE,NA
"DRKS00013764_NCT02530164","DRKS00013764","NCT02530164",FALSE,TRUE,NA
"DRKS00000452_2007-006516-31","DRKS00000452","2007-006516-31",TRUE,TRUE,NA
"DRKS00000452_NCT00724022","DRKS00000452","NCT00724022",TRUE,TRUE,NA
"DRKS00000481_2010-019890-14","DRKS00000481","2010-019890-14",FALSE,TRUE,NA
"DRKS00000472_2009-012408-26","DRKS00000472","2009-012408-26",FALSE,TRUE,NA
"DRKS00000474_2007-007055-13","DRKS00000474","2007-007055-13",FALSE,TRUE,NA
"DRKS00000470_NCT01172977","DRKS00000470","NCT01172977",FALSE,TRUE,NA
"DRKS00011159_2016-000136-17","DRKS00011159","2016-000136-17",FALSE,TRUE,NA
"DRKS00011156_2015-001035-20","DRKS00011156","2015-001035-20",FALSE,TRUE,NA
"DRKS00011151_2014-003215-11","DRKS00011151","2014-003215-11",TRUE,TRUE,NA
"DRKS00011151_NCT02926859","DRKS00011151","NCT02926859",TRUE,TRUE,NA
"DRKS00024484_2019-003984-24","DRKS00024484","2019-003984-24",TRUE,TRUE,NA
"DRKS00024484_NCT04670081","DRKS00024484","NCT04670081",TRUE,TRUE,NA
"DRKS00000491_2010-019715-38","DRKS00000491","2010-019715-38",FALSE,TRUE,NA
"DRKS00025783_2020-005523-37","DRKS00025783","2020-005523-37",FALSE,TRUE,NA
"DRKS00024465_2021-000613-16","DRKS00024465","2021-000613-16",FALSE,TRUE,NA
"DRKS00023164_NCT04472364","DRKS00023164","NCT04472364",FALSE,TRUE,NA
"DRKS00000603_2010-019688-12","DRKS00000603","2010-019688-12",FALSE,TRUE,NA
"DRKS00000619_NCT01247792","DRKS00000619","NCT01247792",FALSE,TRUE,NA
"DRKS00025919_NCT04815473","DRKS00025919","NCT04815473",FALSE,TRUE,NA
"DRKS00000621_NCT01187134","DRKS00000621","NCT01187134",FALSE,TRUE,NA
"DRKS00013928_2017-004149-26","DRKS00013928","2017-004149-26",FALSE,TRUE,NA
"DRKS00013923_NCT03428035","DRKS00013923","NCT03428035",FALSE,TRUE,NA
"DRKS00000604_2010-020956-69","DRKS00000604","2010-020956-69",FALSE,TRUE,NA
"DRKS00025934_2020-004399-16","DRKS00025934","2020-004399-16",TRUE,TRUE,NA
"DRKS00025934_NCT04970355","DRKS00025934","NCT04970355",TRUE,TRUE,NA
"DRKS00013919_NCT03421704","DRKS00013919","NCT03421704",FALSE,TRUE,NA
"DRKS00013948_2017-003676-31","DRKS00013948","2017-003676-31",FALSE,TRUE,NA
"DRKS00000629_2009-015059-26","DRKS00000629","2009-015059-26",FALSE,TRUE,NA
"DRKS00000634_2012-001121-27","DRKS00000634","2012-001121-27",TRUE,TRUE,NA
"DRKS00000634_NCT01252459","DRKS00000634","NCT01252459",TRUE,TRUE,NA
"DRKS00000635_2009-017071-16","DRKS00000635","2009-017071-16",FALSE,TRUE,NA
"DRKS00025912_NCT04993612","DRKS00025912","NCT04993612",FALSE,TRUE,NA
"DRKS00011311_NCT02995499","DRKS00011311","NCT02995499",FALSE,TRUE,NA
"DRKS00024629_NCT04772300","DRKS00024629","NCT04772300",FALSE,TRUE,NA
"DRKS00025964_2019-004209-28","DRKS00025964","2019-004209-28",FALSE,TRUE,NA
"DRKS00000663_2009-016907-41","DRKS00000663","2009-016907-41",FALSE,TRUE,NA
"DRKS00025976_2020-002059-38","DRKS00025976","2020-002059-38",FALSE,TRUE,NA
"DRKS00000657_2009-011417-24","DRKS00000657","2009-011417-24",FALSE,TRUE,NA
"DRKS00025977_NCT05016700","DRKS00025977","NCT05016700",FALSE,TRUE,NA
"DRKS00023318_2016-004254-15","DRKS00023318","2016-004254-15",FALSE,TRUE,NA
"DRKS00010001_NCT02690220","DRKS00010001","NCT02690220",FALSE,TRUE,NA
"DRKS00010005_NCT02668887","DRKS00010005","NCT02668887",FALSE,TRUE,NA
"DRKS00024607_2021-000858-26","DRKS00024607","2021-000858-26",FALSE,TRUE,NA
"DRKS00000689_2010-021899-28","DRKS00000689","2010-021899-28",FALSE,TRUE,NA
"DRKS00011321_2016-000832-16","DRKS00011321","2016-000832-16",FALSE,TRUE,NA
"DRKS00012657_2015-000465-31","DRKS00012657","2015-000465-31",FALSE,TRUE,NA
"DRKS00025948_2021-001291-41","DRKS00025948","2021-001291-41",TRUE,TRUE,NA
"DRKS00025948_NCT04931979","DRKS00025948","NCT04931979",TRUE,TRUE,NA
"DRKS00000582_2008-007645-31","DRKS00000582","2008-007645-31",FALSE,TRUE,NA
"DRKS00000583_2009-015749-22","DRKS00000583","2009-015749-22",FALSE,TRUE,NA
"DRKS00025884_2021-002300-12","DRKS00025884","2021-002300-12",TRUE,TRUE,NA
"DRKS00025884_NCT05033808","DRKS00025884","NCT05033808",TRUE,TRUE,NA
"DRKS00000580_2009-017347-33","DRKS00000580","2009-017347-33",FALSE,TRUE,NA
"DRKS00012553_2017-000955-25","DRKS00012553","2017-000955-25",FALSE,TRUE,NA
"DRKS00012551_2014-005406-38","DRKS00012551","2014-005406-38",FALSE,TRUE,NA
"DRKS00024567_NCT04384913","DRKS00024567","NCT04384913",FALSE,TRUE,NA
"DRKS00000579_NCT00567801","DRKS00000579","NCT00567801",FALSE,TRUE,NA
"DRKS00000577_2010-020402-15","DRKS00000577","2010-020402-15",FALSE,TRUE,NA
"DRKS00012589_NCT03315390","DRKS00012589","NCT03315390",FALSE,TRUE,NA
"DRKS00011259_2015-001476-22","DRKS00011259","2015-001476-22",TRUE,TRUE,NA
"DRKS00011259_NCT02562443","DRKS00011259","NCT02562443",TRUE,TRUE,NA
"DRKS00000591_2010-018539-16","DRKS00000591","2010-018539-16",FALSE,TRUE,NA
"DRKS00012595_2015-004028-69","DRKS00012595","2015-004028-69",FALSE,TRUE,NA
"DRKS00011263_2016-000104-29","DRKS00011263","2016-000104-29",FALSE,TRUE,NA
"DRKS00023279_2020-002101-25","DRKS00023279","2020-002101-25",FALSE,TRUE,NA
"DRKS00023273_NCT04550156","DRKS00023273","NCT04550156",FALSE,TRUE,NA
"DRKS00024585_2020-003779-17","DRKS00024585","2020-003779-17",FALSE,TRUE,NA
"DRKS00014915_2016-004488-38","DRKS00014915","2016-004488-38",FALSE,TRUE,NA
"DRKS00014947_NCT03653858","DRKS00014947","NCT03653858",FALSE,TRUE,NA
"DRKS00000304_2009-010966-47","DRKS00000304","2009-010966-47",FALSE,TRUE,NA
"DRKS00000301_2007-007970-47","DRKS00000301","2007-007970-47",FALSE,TRUE,NA
"DRKS00013607_NCT02973984","DRKS00013607","NCT02973984",FALSE,TRUE,NA
"DRKS00000326_2008-008721-29","DRKS00000326","2008-008721-29",FALSE,TRUE,NA
"DRKS00000328_2009-012088-32","DRKS00000328","2009-012088-32",FALSE,TRUE,NA
"DRKS00000320_2008-008280-96","DRKS00000320","2008-008280-96",TRUE,TRUE,NA
"DRKS00000320_NCT00974155","DRKS00000320","NCT00974155",TRUE,TRUE,NA
"DRKS00014953_2017-002429-39","DRKS00014953","2017-002429-39",FALSE,TRUE,NA
"DRKS00000315_2008-006881-27","DRKS00000315","2008-006881-27",FALSE,TRUE,NA
"DRKS00000223_2009-012780-34","DRKS00000223","2009-012780-34",TRUE,TRUE,NA
"DRKS00000223_NCT00976378","DRKS00000223","NCT00976378",TRUE,TRUE,NA
"DRKS00025526_NCT04526418","DRKS00025526","NCT04526418",FALSE,TRUE,NA
"DRKS00000224_2005-004734-40","DRKS00000224","2005-004734-40",FALSE,TRUE,NA
"DRKS00000218_2009-010700-28","DRKS00000218","2009-010700-28",FALSE,TRUE,NA
"DRKS00000213_2006-006404-11","DRKS00000213","2006-006404-11",TRUE,TRUE,NA
"DRKS00000213_NCT00950274","DRKS00000213","NCT00950274",TRUE,TRUE,NA
"DRKS00000247_2007-003813-15","DRKS00000247","2007-003813-15",FALSE,TRUE,NA
"DRKS00000242_2007-000718-35","DRKS00000242","2007-000718-35",FALSE,TRUE,NA
"DRKS00013548_2016-003081-10","DRKS00013548","2016-003081-10",FALSE,TRUE,NA
"DRKS00000235_NCT00564239","DRKS00000235","NCT00564239",FALSE,TRUE,NA
"DRKS00000268_2009-011418-68","DRKS00000268","2009-011418-68",FALSE,TRUE,NA
"DRKS00000269_2008-005167-33","DRKS00000269","2008-005167-33",FALSE,TRUE,NA
"DRKS00000262_2009-011774-15","DRKS00000262","2009-011774-15",FALSE,TRUE,NA
"DRKS00025563_2018-000463-86","DRKS00025563","2018-000463-86",FALSE,TRUE,NA
"DRKS00000259_2009-015005-39","DRKS00000259","2009-015005-39",FALSE,TRUE,NA
"DRKS00000255_NCT00810472","DRKS00000255","NCT00810472",FALSE,TRUE,NA
"DRKS00012267_NCT03130465","DRKS00012267","NCT03130465",FALSE,TRUE,NA
"DRKS00025547_NCT04284072","DRKS00025547","NCT04284072",FALSE,TRUE,NA
"DRKS00000289_2009-009928-37","DRKS00000289","2009-009928-37",FALSE,TRUE,NA
"DRKS00000284_NCT01245933","DRKS00000284","NCT01245933",FALSE,TRUE,NA
"DRKS00000287_2009-013956-62","DRKS00000287","2009-013956-62",FALSE,TRUE,NA
"DRKS00000280_2007-005141-38","DRKS00000280","2007-005141-38",FALSE,TRUE,NA
"DRKS00012251_2017-000152-26","DRKS00012251","2017-000152-26",FALSE,TRUE,NA
"DRKS00000276_NCT01498731","DRKS00000276","NCT01498731",FALSE,TRUE,NA
"DRKS00000299_2009-011352-22","DRKS00000299","2009-011352-22",FALSE,TRUE,NA
"DRKS00000293_2008-004464-39","DRKS00000293","2008-004464-39",FALSE,TRUE,NA
"DRKS00012292_NCT03185234","DRKS00012292","NCT03185234",FALSE,TRUE,NA
"DRKS00036275_NCT06805006","DRKS00036275","NCT06805006",FALSE,TRUE,NA
"DRKS00000403_2009-015538-30","DRKS00000403","2009-015538-30",FALSE,TRUE,NA
"DRKS00013701_2016-001815-19","DRKS00013701","2016-001815-19",TRUE,TRUE,NA
"DRKS00013701_NCT03362359","DRKS00013701","NCT03362359",TRUE,TRUE,NA
"DRKS00013730_2017-002124-24","DRKS00013730","2017-002124-24",TRUE,TRUE,NA
"DRKS00013730_NCT03083431","DRKS00013730","NCT03083431",TRUE,TRUE,NA
"DRKS00000421_2010-018624-20","DRKS00000421","2010-018624-20",FALSE,TRUE,NA
"DRKS00000423_2009-017851-90","DRKS00000423","2009-017851-90",FALSE,TRUE,NA
"DRKS00000407_2007-003710-34","DRKS00000407","2007-003710-34",TRUE,TRUE,NA
"DRKS00000407_NCT00998556","DRKS00000407","NCT00998556",TRUE,TRUE,NA
"DRKS00000415_NCT01037972","DRKS00000415","NCT01037972",FALSE,TRUE,NA
"DRKS00000440_2008-002226-11","DRKS00000440","2008-002226-11",TRUE,TRUE,NA
"DRKS00000440_NCT00842920","DRKS00000440","NCT00842920",TRUE,TRUE,NA
"DRKS00013740_NCT03266302","DRKS00013740","NCT03266302",FALSE,TRUE,NA
"DRKS00000438_2009-012500-11","DRKS00000438","2009-012500-11",TRUE,TRUE,NA
"DRKS00000438_NCT01064401","DRKS00000438","NCT01064401",TRUE,TRUE,NA
"DRKS00000342_2008-001692-30","DRKS00000342","2008-001692-30",FALSE,TRUE,NA
"DRKS00012316_2015-001785-26","DRKS00012316","2015-001785-26",TRUE,TRUE,NA
"DRKS00012316_NCT02329327","DRKS00012316","NCT02329327",TRUE,TRUE,NA
"DRKS00000361_2009-013865-25","DRKS00000361","2009-013865-25",FALSE,TRUE,NA
"DRKS00000360_2006-004374-27","DRKS00000360","2006-004374-27",FALSE,TRUE,NA
"DRKS00013664_2016-004599-23","DRKS00013664","2016-004599-23",TRUE,TRUE,NA
"DRKS00013664_NCT03226067","DRKS00013664","NCT03226067",TRUE,TRUE,NA
"DRKS00000356_2009-013867-20","DRKS00000356","2009-013867-20",FALSE,TRUE,NA
"DRKS00012360_2016-002187-14","DRKS00012360","2016-002187-14",FALSE,TRUE,NA
"DRKS00036330_NCT06708910","DRKS00036330","NCT06708910",FALSE,TRUE,NA
"DRKS00024354_NCT04721665","DRKS00024354","NCT04721665",FALSE,TRUE,NA
"DRKS00011025_NCT02644005","DRKS00011025","NCT02644005",FALSE,TRUE,NA
"DRKS00011029_NCT02403453","DRKS00011029","NCT02403453",FALSE,TRUE,NA
"DRKS00011023_2016-002388-33","DRKS00011023","2016-002388-33",FALSE,TRUE,NA
"DRKS00000376_2009-010760-42","DRKS00000376","2009-010760-42",TRUE,TRUE,NA
"DRKS00000376_NCT00943449","DRKS00000376","NCT00943449",TRUE,TRUE,NA
"DRKS00000374_2008-006439-12","DRKS00000374","2008-006439-12",TRUE,TRUE,NA
"DRKS00000374_NCT00867048","DRKS00000374","NCT00867048",TRUE,TRUE,NA
"DRKS00023034_2019-003714-14","DRKS00023034","2019-003714-14",FALSE,TRUE,NA
"DRKS00012385_NCT03225079","DRKS00012385","NCT03225079",FALSE,TRUE,NA
"DRKS00011042_2016-000477-21","DRKS00011042","2016-000477-21",TRUE,TRUE,NA
"DRKS00011042_NCT03151603","DRKS00011042","NCT03151603",TRUE,TRUE,NA
"DRKS00011069_NCT02351414","DRKS00011069","NCT02351414",FALSE,TRUE,NA
"DRKS00011080_NCT02563639","DRKS00011080","NCT02563639",FALSE,TRUE,NA
"DRKS00026609_2020-004960-24","DRKS00026609","2020-004960-24",TRUE,TRUE,NA
"DRKS00026609_NCT04971161","DRKS00026609","NCT04971161",TRUE,TRUE,NA
"DRKS00014649_NCT03098290","DRKS00014649","NCT03098290",FALSE,TRUE,NA
"DRKS00000006_NCT00515151","DRKS00000006","NCT00515151",FALSE,TRUE,NA
"DRKS00000002_2004-000232-91","DRKS00000002","2004-000232-91",TRUE,TRUE,NA
"DRKS00000002_NCT00655343","DRKS00000002","NCT00655343",TRUE,TRUE,NA
"DRKS00000003_2007-005376-13","DRKS00000003","2007-005376-13",FALSE,TRUE,NA
"DRKS00000001_NCT00047268","DRKS00000001","NCT00047268",FALSE,TRUE,NA
"DRKS00015967_2017-003723-29","DRKS00015967","2017-003723-29",TRUE,TRUE,NA
"DRKS00015967_NCT03451045","DRKS00015967","NCT03451045",TRUE,TRUE,NA
"DRKS00013336_2017-004570-34","DRKS00013336","2017-004570-34",FALSE,TRUE,NA
"DRKS00013333_2016-000225-39","DRKS00013333","2016-000225-39",FALSE,TRUE,NA
"DRKS00000026_NCT00632307","DRKS00000026","NCT00632307",FALSE,TRUE,NA
"DRKS00000027_NCT00484913","DRKS00000027","NCT00484913",FALSE,TRUE,NA
"DRKS00000021_NCT00273624","DRKS00000021","NCT00273624",FALSE,TRUE,NA
"DRKS00000014_2006-007021-32","DRKS00000014","2006-007021-32",TRUE,TRUE,NA
"DRKS00000014_NCT00514514","DRKS00000014","NCT00514514",TRUE,TRUE,NA
"DRKS00000010_NCT00356785","DRKS00000010","NCT00356785",FALSE,TRUE,NA
"DRKS00000011_NCT00411515","DRKS00000011","NCT00411515",FALSE,TRUE,NA
"DRKS00000012_NCT00386984","DRKS00000012","NCT00386984",FALSE,TRUE,NA
"DRKS00014689_2017-001207-68","DRKS00014689","2017-001207-68",FALSE,TRUE,NA
"DRKS00000043_2008-001833-87","DRKS00000043","2008-001833-87",FALSE,TRUE,NA
"DRKS00014678_2017-004452-37","DRKS00014678","2017-004452-37",FALSE,TRUE,NA
"DRKS00000036_2008-000592-24","DRKS00000036","2008-000592-24",FALSE,TRUE,NA
"DRKS00000060_2008-008527-14","DRKS00000060","2008-008527-14",FALSE,TRUE,NA
"DRKS00013360_2016-003653-15","DRKS00013360","2016-003653-15",TRUE,TRUE,NA
"DRKS00013360_NCT03153111","DRKS00013360","NCT03153111",TRUE,TRUE,NA
"DRKS00000086_2008-005828-84","DRKS00000086","2008-005828-84",FALSE,TRUE,NA
"DRKS00000088_NCT00637468","DRKS00000088","NCT00637468",FALSE,TRUE,NA
"DRKS00024014_NCT05336318","DRKS00024014","NCT05336318",FALSE,TRUE,NA
"DRKS00000084_2009-017374-20","DRKS00000084","2009-017374-20",TRUE,TRUE,NA
"DRKS00000084_NCT01143272","DRKS00000084","NCT01143272",TRUE,TRUE,NA
"DRKS00000071_2007-003358-27","DRKS00000071","2007-003358-27",FALSE,TRUE,NA
"DRKS00024025_NCT04503395","DRKS00024025","NCT04503395",FALSE,TRUE,NA
"DRKS00024079_2020-005634-15","DRKS00024079","2020-005634-15",FALSE,TRUE,NA
"DRKS00000098_2008-005273-35","DRKS00000098","2008-005273-35",FALSE,TRUE,NA
"DRKS00024085_2020-001181-10","DRKS00024085","2020-001181-10",FALSE,TRUE,NA
"DRKS00024061_2020-006001-35","DRKS00024061","2020-006001-35",FALSE,TRUE,NA
"DRKS00024066_2021-000133-13","DRKS00024066","2021-000133-13",FALSE,TRUE,NA
"DRKS00014826_2017-000372-29","DRKS00014826","2017-000372-29",TRUE,TRUE,NA
"DRKS00014826_NCT03398837","DRKS00014826","NCT03398837",TRUE,TRUE,NA
"DRKS00026824_2020-004184-12","DRKS00026824","2020-004184-12",FALSE,TRUE,NA
"DRKS00000205_2006-006146-34","DRKS00000205","2006-006146-34",FALSE,TRUE,NA
"DRKS00013509_2017-004774-34","DRKS00013509","2017-004774-34",FALSE,TRUE,NA
"DRKS00014832_2017-003054-16","DRKS00014832","2017-003054-16",FALSE,TRUE,NA
"DRKS00026803_2018-003221-29","DRKS00026803","2018-003221-29",TRUE,TRUE,NA
"DRKS00026803_NCT03796962","DRKS00026803","NCT03796962",TRUE,TRUE,NA
"DRKS00014829_2016-004600-53","DRKS00014829","2016-004600-53",FALSE,TRUE,NA
"DRKS00000103_2007-005352-17","DRKS00000103","2007-005352-17",TRUE,TRUE,NA
"DRKS00000103_NCT01047254","DRKS00000103","NCT01047254",TRUE,TRUE,NA
"DRKS00000109_2005-003026-26","DRKS00000109","2005-003026-26",TRUE,TRUE,NA
"DRKS00000109_NCT00858793","DRKS00000109","NCT00858793",TRUE,TRUE,NA
"DRKS00000115_2009-009871-36","DRKS00000115","2009-009871-36",FALSE,TRUE,NA
"DRKS00026775_2021-004789-36","DRKS00026775","2021-004789-36",FALSE,TRUE,NA
"DRKS00000132_2007-006263-68","DRKS00000132","2007-006263-68",TRUE,TRUE,NA
"DRKS00000132_NCT00661206","DRKS00000132","NCT00661206",TRUE,TRUE,NA
"DRKS00013477_2017-000922-37","DRKS00013477","2017-000922-37",FALSE,TRUE,NA
"DRKS00000160_2006-001948-31","DRKS00000160","2006-001948-31",FALSE,TRUE,NA
"DRKS00000162_2008-003064-19","DRKS00000162","2008-003064-19",FALSE,TRUE,NA
"DRKS00000156_2010-020403-75","DRKS00000156","2010-020403-75",FALSE,TRUE,NA
"DRKS00000180_NCT00928785","DRKS00000180","NCT00928785",FALSE,TRUE,NA
"DRKS00024153_NCT04579367","DRKS00024153","NCT04579367",FALSE,TRUE,NA
"DRKS00000181_2008-000504-92","DRKS00000181","2008-000504-92",FALSE,TRUE,NA
"DRKS00000183_2007-004998-26","DRKS00000183","2007-004998-26",FALSE,TRUE,NA
"DRKS00000184_2004-003759-38","DRKS00000184","2004-003759-38",FALSE,TRUE,NA
"DRKS00000179_2006-003934-14","DRKS00000179","2006-003934-14",FALSE,TRUE,NA
"DRKS00025477_2021-000562-15","DRKS00025477","2021-000562-15",TRUE,TRUE,NA
"DRKS00025477_NCT04942626","DRKS00025477","NCT04942626",TRUE,TRUE,NA
"DRKS00024199_2021-002506-27","DRKS00024199","2021-002506-27",FALSE,TRUE,NA
"DRKS00025198_NCT04029233","DRKS00025198","NCT04029233",FALSE,TRUE,NA
"DRKS00003826_2012-001847-31","DRKS00003826","2012-001847-31",FALSE,TRUE,NA
"DRKS00003721_NCT01425957","DRKS00003721","NCT01425957",FALSE,TRUE,NA
"DRKS00003748_2005-000615-99","DRKS00003748","2005-000615-99",TRUE,TRUE,NA
"DRKS00003748_NCT00647049","DRKS00003748","NCT00647049",TRUE,TRUE,NA
"DRKS00015758_NCT03724279","DRKS00015758","NCT03724279",FALSE,TRUE,NA
"DRKS00003763_2009-012432-32","DRKS00003763","2009-012432-32",TRUE,TRUE,NA
"DRKS00003763_NCT01011920","DRKS00003763","NCT01011920",TRUE,TRUE,NA
"DRKS00015765_2017-004245-25","DRKS00015765","2017-004245-25",FALSE,TRUE,NA
"DRKS00015766_2017-000374-12","DRKS00015766","2017-000374-12",FALSE,TRUE,NA
"DRKS00013124_NCT03317951","DRKS00013124","NCT03317951",FALSE,TRUE,NA
"DRKS00015782_2018-000342-19","DRKS00015782","2018-000342-19",FALSE,TRUE,NA
"DRKS00025132_NCT04688970","DRKS00025132","NCT04688970",FALSE,TRUE,NA
"DRKS00025104_NCT04813627","DRKS00025104","NCT04813627",FALSE,TRUE,NA
"DRKS00003934_2007-004528-19","DRKS00003934","2007-004528-19",FALSE,TRUE,NA
"DRKS00014604_2018-001221-98","DRKS00014604","2018-001221-98",FALSE,TRUE,NA
"DRKS00014602_2017-004418-24","DRKS00014602","2017-004418-24",FALSE,TRUE,NA
"DRKS00003947_2008-001090-15","DRKS00003947","2008-001090-15",FALSE,TRUE,NA
"DRKS00003851_2011-004361-32","DRKS00003851","2011-004361-32",FALSE,TRUE,NA
"DRKS00027838_2021-006634-39","DRKS00027838","2021-006634-39",FALSE,TRUE,NA
"DRKS00015855_2019-001281-14","DRKS00015855","2019-001281-14",FALSE,TRUE,NA
"DRKS00015849_2018-003237-16","DRKS00015849","2018-003237-16",FALSE,TRUE,NA
"DRKS00027867_2019-003693-56","DRKS00027867","2019-003693-56",FALSE,TRUE,NA
"DRKS00025207_2021-000708-39","DRKS00025207","2021-000708-39",FALSE,TRUE,NA
"DRKS00003893_2012-003669-17","DRKS00003893","2012-003669-17",FALSE,TRUE,NA
"DRKS00003892_NCT01235962","DRKS00003892","NCT01235962",FALSE,TRUE,NA
"DRKS00003891_NCT01188187","DRKS00003891","NCT01188187",FALSE,TRUE,NA
"DRKS00003890_NCT01103544","DRKS00003890","NCT01103544",FALSE,TRUE,NA
"DRKS00003889_2008-005215-17","DRKS00003889","2008-005215-17",TRUE,TRUE,NA
"DRKS00003889_NCT01093534","DRKS00003889","NCT01093534",TRUE,TRUE,NA
"DRKS00003885_2008-000879-26","DRKS00003885","2008-000879-26",TRUE,TRUE,NA
"DRKS00003885_NCT00751205","DRKS00003885","NCT00751205",TRUE,TRUE,NA
"DRKS00003882_2006-005766-39","DRKS00003882","2006-005766-39",TRUE,TRUE,NA
"DRKS00003882_NCT00537381","DRKS00003882","NCT00537381",TRUE,TRUE,NA
"DRKS00003881_2006-004756-20","DRKS00003881","2006-004756-20",TRUE,TRUE,NA
"DRKS00003881_NCT00519285","DRKS00003881","NCT00519285",TRUE,TRUE,NA
"DRKS00003884_2008-005011-18","DRKS00003884","2008-005011-18",TRUE,TRUE,NA
"DRKS00003884_NCT00732914","DRKS00003884","NCT00732914",TRUE,TRUE,NA
"DRKS00003883_NCT00626548","DRKS00003883","NCT00626548",FALSE,TRUE,NA
"DRKS00003880_NCT00273338","DRKS00003880","NCT00273338",FALSE,TRUE,NA
"DRKS00014559_2013-003714-40","DRKS00014559","2013-003714-40",TRUE,TRUE,NA
"DRKS00014559_NCT02615938","DRKS00014559","NCT02615938",TRUE,TRUE,NA
"DRKS00014558_2017-003878-13","DRKS00014558","2017-003878-13",FALSE,TRUE,NA
"DRKS00013248_2017-000304-14","DRKS00013248","2017-000304-14",FALSE,TRUE,NA
"DRKS00014595_2017-003688-37","DRKS00014595","2017-003688-37",FALSE,TRUE,NA
"DRKS00013260_2017-001357-14","DRKS00013260","2017-001357-14",FALSE,TRUE,NA
"DRKS00013283_NCT03337867","DRKS00013283","NCT03337867",FALSE,TRUE,NA
