"nct_id","alias"
"NCT00000145","NCT00001312"
"NCT00000246","NCT00000247"
"NCT00000317","NCT00000272"
"NCT00000375","NCT00069394"
"NCT00000620","NCT00182910"
"NCT00001123","NCT00004267"
"NCT00001163","NCT00004007"
"NCT00001186","NCT00018915"
"NCT00001238","NCT00019617"
"NCT00001251","NCT00018928"
"NCT00001337","NCT00018980"
"NCT00001379","NCT00018993"
"NCT00001426","NCT00019045"
"NCT00001503","NCT00296075"
"NCT00001506","NCT00019149"
"NCT00001507","NCT00019162"
"NCT00001512","NCT00878488"
"NCT00001560","NCT00556582"
"NCT00001563","NCT00019253"
"NCT00001564","NCT00019279"
"NCT00001566","NCT00019266"
"NCT00001572","NCT00878410"
"NCT00001574","NCT00019292"
"NCT00001575","NCT00019305"
"NCT00001582","NCT00899067"
"NCT00001586","NCT00019370"
"NCT00001662","NCT00000181"
"NCT00001686","NCT00445536"
"NCT00001703","NCT00019526"
"NCT00001803","NCT00003866"
"NCT00001806","NCT00019877"
"NCT00001807","NCT00020293"
"NCT00001813","NCT00004044"
"NCT00001823","NCT00019799"
"NCT00001827","NCT00019903"
"NCT00001830","NCT00019851"
"NCT00001832","NCT00019942"
"NCT00001880","NCT00003839"
"NCT00001933","NCT00000186"
"NCT00001938","NCT00020033"
"NCT00001941","NCT00020020"
"NCT00001967","NCT00001134"
"NCT00001972","NCT00001370"
"NCT00001973","NCT00001607"
"NCT00002220","NCT00002242"
"NCT00002445","NCT00003879"
"NCT00002514","NCT00222586"
"NCT00002765","NCT00001501"
"NCT00002786","NCT00029419"
"NCT00002796","NCT01925326"
"NCT00002835","NCT00038740"
"NCT00003064","NCT00034320"
"NCT00003552","NCT00001739"
"NCT00003553","NCT00001635"
"NCT00003646","NCT00416806"
"NCT00003647","NCT00416416"
"NCT00003691","NCT00698620"
"NCT00003789","NCT00056732"
"NCT00003838","NCT00001875"
"NCT00003895","NCT02009657"
"NCT00003913","NCT00053755"
"NCT00004024","NCT00004018"
"NCT00004024","NCT00004019"
"NCT00004024","NCT00004020"
"NCT00004024","NCT00004021"
"NCT00004024","NCT00004023"
"NCT00004063","NCT00005929"
"NCT00004210","NCT00001470"
"NCT00004218","NCT00222599"
"NCT00004317","NCT00170599"
"NCT00004467","NCT00587366"
"NCT00004547","NCT00020059"
"NCT00004565","NCT00023608"
"NCT00004635","NCT00020085"
"NCT00004639","NCT00004462"
"NCT00004730","NCT00004484"
"NCT00004853","NCT00020137"
"NCT00004868","NCT00006067"
"NCT00004978","NCT00004737"
"NCT00004982","NCT00004536"
"NCT00005042","NCT00005932"
"NCT00005057","NCT00001755"
"NCT00005057","NCT00001974"
"NCT00005112","NCT00000109"
"NCT00005655","NCT00020163"
"NCT00005660","NCT00020956"
"NCT00005780","NCT00020215"
"NCT00005782","NCT00001980"
"NCT00005811","NCT00013676"
"NCT00005908","NCT00020241"
"NCT00005916","NCT00020228"
"NCT00005934","NCT00007072"
"NCT00006161","NCT00004469"
"NCT00006164","NCT00006139"
"NCT00006171","NCT00020319"
"NCT00006184","NCT00020306"
"NCT00006206","NCT00000453"
"NCT00006237","NCT00546416"
"NCT00006304","NCT00000786"
"NCT00006320","NCT00006293"
"NCT00006392","NCT00076128"
"NCT00006398","NCT00004641"
"NCT00006421","NCT00012415"
"NCT00006425","NCT00012402"
"NCT00006435","NCT00445991"
"NCT00006436","NCT00020384"
"NCT00006450","NCT00006238"
"NCT00006515","NCT00020423"
"NCT00006518","NCT00898651"
"NCT00006981","NCT00006416"
"NCT00007098","NCT00143897"
"NCT00007332","NCT00006147"
"NCT00007345","NCT00020436"
"NCT00007501","NCT00001907"
"NCT00007501","NCT00006065"
"NCT00007501","NCT00006069"
"NCT00007501","NCT00023257"
"NCT00007644","NCT00002606"
"NCT00007800","NCT00331266"
"NCT00007956","NCT00006423"
"NCT00009035","NCT00458640"
"NCT00009191","NCT00000182"
"NCT00009204","NCT00000184"
"NCT00009217","NCT00000183"
"NCT00009230","NCT00000185"
"NCT00009256","NCT00005114"
"NCT00009594","NCT00009282"
"NCT00010049","NCT00023179"
"NCT00010361","NCT00144742"
"NCT00010465","NCT00009269"
"NCT00010478","NCT00008905"
"NCT00010491","NCT00009074"
"NCT00010504","NCT00006338"
"NCT00010517","NCT00004534"
"NCT00010530","NCT00009087"
"NCT00010621","NCT00009334"
"NCT00010634","NCT00009347"
"NCT00010647","NCT00009113"
"NCT00010686","NCT00009360"
"NCT00010699","NCT00009373"
"NCT00010712","NCT00009386"
"NCT00010738","NCT00009399"
"NCT00010751","NCT00009412"
"NCT00010764","NCT00009139"
"NCT00010777","NCT00009152"
"NCT00010803","NCT00004535"
"NCT00010816","NCT00009464"
"NCT00010829","NCT00009425"
"NCT00010842","NCT00009438"
"NCT00010855","NCT00008944"
"NCT00010868","NCT00008957"
"NCT00010881","NCT00009451"
"NCT00010933","NCT00009477"
"NCT00010946","NCT00009490"
"NCT00010959","NCT00008970"
"NCT00010972","NCT00008983"
"NCT00010985","NCT00008918"
"NCT00010998","NCT00009503"
"NCT00011414","NCT00020514"
"NCT00011492","NCT00045071"
"NCT00011778","NCT00016003"
"NCT00012194","NCT00227396"
"NCT00012298","NCT01646879"
"NCT00012350","NCT00021203"
"NCT00013286","NCT00011271"
"NCT00013533","NCT00020592"
"NCT00013611","NCT00002421"
"NCT00013663","NCT00034099"
"NCT00014859","NCT00200915"
"NCT00015132","NCT00015145"
"NCT00015132","NCT00015158"
"NCT00016549","NCT00021086"
"NCT00017693","NCT00016705"
"NCT00017914","NCT00001374"
"NCT00017953","NCT00000624"
"NCT00018941","NCT00001268"
"NCT00018967","NCT00001299"
"NCT00019006","NCT00001380"
"NCT00019019","NCT00001423"
"NCT00019032","NCT00001425"
"NCT00019071","NCT00001433"
"NCT00019084","NCT00001434"
"NCT00019097","NCT00001562"
"NCT00019110","NCT00001441"
"NCT00019123","NCT00001492"
"NCT00019136","NCT00001494"
"NCT00019175","NCT00001510"
"NCT00019188","NCT00001508"
"NCT00019201","NCT00001511"
"NCT00019214","NCT00001558"
"NCT00019227","NCT00001514"
"NCT00019240","NCT00001559"
"NCT00019318","NCT00001578"
"NCT00019331","NCT00001581"
"NCT00019344","NCT00001585"
"NCT00019357","NCT00001583"
"NCT00019383","NCT00001684"
"NCT00019396","NCT00001687"
"NCT00019422","NCT00001690"
"NCT00019435","NCT00001691"
"NCT00019448","NCT00001692"
"NCT00019461","NCT00001682"
"NCT00019487","NCT00001694"
"NCT00019500","NCT00001700"
"NCT00019513","NCT00001706"
"NCT00019539","NCT00001707"
"NCT00019565","NCT00001709"
"NCT00019578","NCT00001791"
"NCT00019591","NCT00001794"
"NCT00019604","NCT00001795"
"NCT00019630","NCT00001798"
"NCT00019643","NCT00001796"
"NCT00019656","NCT00001799"
"NCT00019669","NCT00001800"
"NCT00019682","NCT00001801"
"NCT00019695","NCT00001802"
"NCT00019708","NCT00001804"
"NCT00019721","NCT00001808"
"NCT00019734","NCT00001811"
"NCT00019760","NCT00001809"
"NCT00019773","NCT00001817"
"NCT00019786","NCT00001820"
"NCT00019812","NCT00001819"
"NCT00019825","NCT00001824"
"NCT00019838","NCT00001822"
"NCT00019864","NCT00001821"
"NCT00019890","NCT00001825"
"NCT00019916","NCT00001828"
"NCT00019929","NCT00001829"
"NCT00019955","NCT00001834"
"NCT00019968","NCT00001831"
"NCT00019994","NCT00001833"
"NCT00020007","NCT00001939"
"NCT00020046","NCT00001942"
"NCT00020072","NCT00004546"
"NCT00020111","NCT00004548"
"NCT00020124","NCT00004636"
"NCT00020150","NCT00005019"
"NCT00020176","NCT00005568"
"NCT00020189","NCT00005670"
"NCT00020202","NCT00005656"
"NCT00020254","NCT00005759"
"NCT00020267","NCT00006074"
"NCT00020332","NCT00006277"
"NCT00020345","NCT00006288"
"NCT00020358","NCT00006287"
"NCT00020371","NCT00006317"
"NCT00020397","NCT00006491"
"NCT00020410","NCT00006197"
"NCT00020449","NCT00008879"
"NCT00020462","NCT00008996"
"NCT00020475","NCT00009516"
"NCT00020488","NCT00021515"
"NCT00020501","NCT00011427"
"NCT00020527","NCT00011219"
"NCT00020540","NCT00012532"
"NCT00020579","NCT00012571"
"NCT00020631","NCT00014924"
"NCT00021047","NCT00015743"
"NCT00021164","NCT00016640"
"NCT00021255","NCT00768092"
"NCT00021424","NCT00006410"
"NCT00021541","NCT00029354"
"NCT00021749","NCT00021190"
"NCT00021983","NCT00001792"
"NCT00022438","NCT00017849"
"NCT00022451","NCT00017888"
"NCT00022672","NCT00112450"
"NCT00022971","NCT00029367"
"NCT00023010","NCT00004470"
"NCT00023153","NCT00044850"
"NCT00023296","NCT00021684"
"NCT00024037","NCT01005134"
"NCT00024115","NCT00021593"
"NCT00025012","NCT00005661"
"NCT00025415","NCT00025948"
"NCT00025662","NCT00016484"
"NCT00026065","NCT00030017"
"NCT00026169","NCT00028392"
"NCT00026650","NCT00436813"
"NCT00026663","NCT00919529"
"NCT00026689","NCT00020280"
"NCT00026884","NCT00897585"
"NCT00026975","NCT00052702"
"NCT00027105","NCT00514176"
"NCT00027118","NCT00513838"
"NCT00027131","NCT00026507"
"NCT00027274","NCT00056121"
"NCT00027326","NCT00995943"
"NCT00028158","NCT00036699"
"NCT00028340","NCT00070460"
"NCT00028405","NCT00049205"
"NCT00029783","NCT00058500"
"NCT00030004","NCT00029705"
"NCT00030082","NCT00021606"
"NCT00030095","NCT00024609"
"NCT00030108","NCT00025961"
"NCT00030173","NCT00033501"
"NCT00030537","NCT00027313"
"NCT00030992","NCT00033670"
"NCT00031083","NCT00036725"
"NCT00031187","NCT00028470"
"NCT00031447","NCT00001099"
"NCT00031460","NCT00000934"
"NCT00031473","NCT00001098"
"NCT00031486","NCT00001124"
"NCT00031915","NCT00029094"
"NCT00031941","NCT00029081"
"NCT00032045","NCT00029549"
"NCT00032279","NCT00042744"
"NCT00032825","NCT00039221"
"NCT00032890","NCT00010790"
"NCT00032916","NCT00031330"
"NCT00032929","NCT00007553"
"NCT00032929","NCT00024700"
"NCT00032942","NCT00007566"
"NCT00032942","NCT00024713"
"NCT00032955","NCT00015392"
"NCT00032968","NCT00016757"
"NCT00032981","NCT00016770"
"NCT00032994","NCT00015730"
"NCT00033007","NCT00015405"
"NCT00033020","NCT00015418"
"NCT00033033","NCT00024869"
"NCT00033046","NCT00024752"
"NCT00033059","NCT00024765"
"NCT00033072","NCT00024882"
"NCT00033085","NCT00024726"
"NCT00033098","NCT00024778"
"NCT00033111","NCT00024895"
"NCT00033124","NCT00024739"
"NCT00033137","NCT00039533"
"NCT00033878","NCT00060060"
"NCT00034034","NCT00060073"
"NCT00034333","NCT00052819"
"NCT00034346","NCT00068562"
"NCT00034424","NCT00039598"
"NCT00034450","NCT00060034"
"NCT00034697","NCT00030836"
"NCT00034853","NCT00274482"
"NCT00035022","NCT00066235"
"NCT00035035","NCT00049426"
"NCT00035061","NCT00039260"
"NCT00035204","NCT00236314"
"NCT00035243","NCT00041002"
"NCT00035334","NCT00017667"
"NCT00035373","NCT00040924"
"NCT00035880","NCT00012077"
"NCT00035932","NCT00028054"
"NCT00036023","NCT00039247"
"NCT00036426","NCT00014157"
"NCT00036543","NCT00026481"
"NCT00036556","NCT00026455"
"NCT00036569","NCT00041145"
"NCT00036647","NCT00026325"
"NCT00036894","NCT00032214"
"NCT00036959","NCT00032266"
"NCT00037804","NCT00002958"
"NCT00037817","NCT00041158"
"NCT00038064","NCT00046982"
"NCT00038181","NCT00080652"
"NCT00038220","NCT00006189"
"NCT00038246","NCT00082693"
"NCT00038532","NCT00021619"
"NCT00038636","NCT00006210"
"NCT00038662","NCT00084994"
"NCT00038727","NCT00353314"
"NCT00039000","NCT00047359"
"NCT00039377","NCT01648426"
"NCT00039481","NCT00061191"
"NCT00039559","NCT00301743"
"NCT00039585","NCT00035646"
"NCT00039624","NCT00045344"
"NCT00039676","NCT00052234"
"NCT00039793","NCT00058513"
"NCT00040092","NCT00045409"
"NCT00040170","NCT00040976"
"NCT00040222","NCT00045214"
"NCT00040274","NCT00023270"
"NCT00040352","NCT00045240"
"NCT00040365","NCT00045253"
"NCT00040378","NCT00780689"
"NCT00040781","NCT00050739"
"NCT00040911","NCT00034411"
"NCT00040911","NCT00034996"
"NCT00041119","NCT00698217"
"NCT00041613","NCT00040703"
"NCT00041626","NCT00040716"
"NCT00041665","NCT00020813"
"NCT00041730","NCT00060164"
"NCT00041808","NCT00023803"
"NCT00042120","NCT00342914"
"NCT00042146","NCT00218738"
"NCT00042367","NCT00005063"
"NCT00042666","NCT00054080"
"NCT00042861","NCT00039637"
"NCT00043043","NCT00056615"
"NCT00043381","NCT00022061"
"NCT00043420","NCT00091208"
"NCT00043472","NCT00049049"
"NCT00043472","NCT00284544"
"NCT00043615","NCT00896805"
"NCT00043979","NCT00047372"
"NCT00044356","NCT00028444"
"NCT00044512","NCT00048919"
"NCT00044512","NCT00058383"
"NCT00044733","NCT00053274"
"NCT00044902","NCT00054379"
"NCT00045097","NCT00040079"
"NCT00045110","NCT00055276"
"NCT00045123","NCT00043251"
"NCT00045149","NCT00029432"
"NCT00045201","NCT01646892"
"NCT00045201","NCT01664286"
"NCT00045227","NCT00041522"
"NCT00045331","NCT00039806"
"NCT00045500","NCT00041873"
"NCT00045630","NCT00191217"
"NCT00045734","NCT00069667"
"NCT00045877","NCT00066534"
"NCT00045942","NCT00045578"
"NCT00045942","NCT00977782"
"NCT00046189","NCT00049621"
"NCT00046449","NCT00300144"
"NCT00046709","NCT00052871"
"NCT00046917","NCT01645462"
"NCT00046930","NCT00046046"
"NCT00047060","NCT00042640"
"NCT00047385","NCT00028808"
"NCT00047450","NCT00046098"
"NCT00047476","NCT00052533"
"NCT00047736","NCT00029016"
"NCT00047788","NCT00052741"
"NCT00047801","NCT00068705"
"NCT00047840","NCT00054093"
"NCT00047879","NCT00052650"
"NCT00047970","NCT00339820"
"NCT00048230","NCT00052260"
"NCT00048334","NCT00052767"
"NCT00048503","NCT00057824"
"NCT00048503","NCT00723034"
"NCT00048555","NCT00056043"
"NCT00048815","NCT00043524"
"NCT00048815","NCT00050544"
"NCT00048880","NCT00053079"
"NCT00048893","NCT00053170"
"NCT00048984","NCT00063271"
"NCT00048984","NCT00228774"
"NCT00049387","NCT00060879"
"NCT00049543","NCT00953069"
"NCT00049556","NCT00046007"
"NCT00049608","NCT00044161"
"NCT00050141","NCT00060177"
"NCT00050141","NCT00723372"
"NCT00050154","NCT00722787"
"NCT00050323","NCT00062192"
"NCT00050375","NCT00068354"
"NCT00050388","NCT00028457"
"NCT00050414","NCT01336504"
"NCT00050427","NCT01328327"
"NCT00050440","NCT01328314"
"NCT00050752","NCT00055627"
"NCT00050960","NCT00036907"
"NCT00050973","NCT00030927"
"NCT00050999","NCT00002683"
"NCT00051012","NCT00005620"
"NCT00051025","NCT00005621"
"NCT00051103","NCT00044330"
"NCT00051103","NCT00053066"
"NCT00051311","NCT00055744"
"NCT00051467","NCT00049647"
"NCT00051506","NCT00062088"
"NCT00051571","NCT00031603"
"NCT00051584","NCT00056017"
"NCT00051636","NCT00050258"
"NCT00051805","NCT00078780"
"NCT00052000","NCT00058409"
"NCT00052130","NCT00004130"
"NCT00052156","NCT00003722"
"NCT00052221","NCT00563719"
"NCT00052351","NCT00047398"
"NCT00052728","NCT00048867"
"NCT00052962","NCT00056108"
"NCT00053703","NCT00030251"
"NCT00053703","NCT00043290"
"NCT00053937","NCT00050453"
"NCT00053963","NCT00069771"
"NCT00054405","NCT00065494"
"NCT00054535","NCT00051610"
"NCT00054639","NCT01654952"
"NCT00054665","NCT00057902"
"NCT00054795","NCT00066820"
"NCT00054899","NCT00060047"
"NCT00055237","NCT00058136"
"NCT00055562","NCT00060281"
"NCT00055991","NCT00206479"
"NCT00056173","NCT00084331"
"NCT00056446","NCT00068679"
"NCT00056563","NCT00101556"
"NCT00056966","NCT00602888"
"NCT00057005","NCT00601380"
"NCT00057252","NCT00851097"
"NCT00057382","NCT00066287"
"NCT00057616","NCT00051064"
"NCT00057720","NCT00078884"
"NCT00057759","NCT00075127"
"NCT00057889","NCT00053729"
"NCT00058019","NCT01660269"
"NCT00058279","NCT00055211"
"NCT00058539","NCT00066755"
"NCT00058552","NCT00070408"
"NCT00058591","NCT00608608"
"NCT00058604","NCT00607698"
"NCT00058617","NCT00002821"
"NCT00058747","NCT00070395"
"NCT00058786","NCT00609076"
"NCT00058812","NCT00608309"
"NCT00059462","NCT00048191"
"NCT00059475","NCT00062218"
"NCT00059631","NCT00082680"
"NCT00059722","NCT00072423"
"NCT00060437","NCT00058708"
"NCT00060528","NCT00062153"
"NCT00060671","NCT00062361"
"NCT00060684","NCT00057772"
"NCT00061035","NCT00066261"
"NCT00061048","NCT00064155"
"NCT00061347","NCT00882349"
"NCT00061477","NCT00060190"
"NCT00061581","NCT00066300"
"NCT00061815","NCT00065520"
"NCT00062036","NCT00059163"
"NCT00062049","NCT00059059"
"NCT00062166","NCT01444950"
"NCT00062686","NCT00068627"
"NCT00062751","NCT00061971"
"NCT00062855","NCT00002713"
"NCT00062868","NCT00070226"
"NCT00062868","NCT00671164"
"NCT00062933","NCT00066521"
"NCT00063141","NCT00065598"
"NCT00063154","NCT00095602"
"NCT00063401","NCT00070044"
"NCT00063453","NCT00241865"
"NCT00063453","NCT00782678"
"NCT00063583","NCT00105391"
"NCT00063713","NCT00084851"
"NCT00063726","NCT00049478"
"NCT00064129","NCT01648361"
"NCT00064311","NCT00061555"
"NCT00064363","NCT00061685"
"NCT00064428","NCT01352156"
"NCT00064883","NCT00068536"
"NCT00064974","NCT00077506"
"NCT00065156","NCT00074126"
"NCT00065429","NCT00074256"
"NCT00065442","NCT00084760"
"NCT00065468","NCT00070330"
"NCT00065858","NCT00397618"
"NCT00065988","NCT00000364"
"NCT00066014","NCT00000366"
"NCT00066040","NCT00016822"
"NCT00066092","NCT00060229"
"NCT00066118","NCT00000365"
"NCT00066196","NCT00081081"
"NCT00066417","NCT00062725"
"NCT00066573","NCT00438529"
"NCT00066586","NCT00258648"
"NCT00066599","NCT00062920"
"NCT00066651","NCT00065481"
"NCT00066664","NCT00063167"
"NCT00066690","NCT00917969"
"NCT00066690","NCT02140190"
"NCT00067821","NCT00070512"
"NCT00067990","NCT01467895"
"NCT00068003","NCT00897195"
"NCT00068068","NCT00078871"
"NCT00068471","NCT00063466"
"NCT00068575","NCT01053351"
"NCT00068601","NCT00696267"
"NCT00069121","NCT00080691"
"NCT00069160","NCT00072202"
"NCT00069238","NCT00072254"
"NCT00069589","NCT00177073"
"NCT00069758","NCT00085033"
"NCT00069888","NCT00054509"
"NCT00070616","NCT00963170"
"NCT00070785","NCT00897156"
"NCT00070837","NCT00074347"
"NCT00071058","NCT00073996"
"NCT00071097","NCT00980928"
"NCT00071188","NCT00093392"
"NCT00071942","NCT00077571"
"NCT00071981","NCT00464152"
"NCT00072085","NCT00069043"
"NCT00072111","NCT00068016"
"NCT00072124","NCT00068939"
"NCT00072488","NCT00228761"
"NCT00072618","NCT00036010"
"NCT00072904","NCT00177151"
"NCT00073008","NCT00084955"
"NCT00073073","NCT00085072"
"NCT00073112","NCT00080717"
"NCT00073125","NCT00080704"
"NCT00073151","NCT00080730"
"NCT00073398","NCT00075790"
"NCT00073489","NCT00036049"
"NCT00073528","NCT00084968"
"NCT00073983","NCT00070772"
"NCT00074048","NCT00071318"
"NCT00074165","NCT00261651"
"NCT00074243","NCT00071864"
"NCT00074386","NCT00023478"
"NCT00074386","NCT00473629"
"NCT00074425","NCT00197665"
"NCT00074490","NCT00077480"
"NCT00074607","NCT00039143"
"NCT00074607","NCT00048243"
"NCT00074607","NCT00052806"
"NCT00075088","NCT00305318"
"NCT00075218","NCT00085618"
"NCT00075270","NCT00085046"
"NCT00075803","NCT00322088"
"NCT00075816","NCT00321776"
"NCT00075816","NCT00473395"
"NCT00075829","NCT00321607"
"NCT00075829","NCT00386568"
"NCT00076011","NCT00077272"
"NCT00076102","NCT00078936"
"NCT00076180","NCT00079196"
"NCT00076232","NCT00068965"
"NCT00076752","NCT00726518"
"NCT00076960","NCT01183988"
"NCT00076986","NCT00090948"
"NCT00077454","NCT00089934"
"NCT00077493","NCT00075309"
"NCT00077532","NCT00076167"
"NCT00077584","NCT02800993"
"NCT00077857","NCT00083200"
"NCT00077922","NCT00080821"
"NCT00077974","NCT00082849"
"NCT00077987","NCT00082771"
"NCT00078000","NCT00095615"
"NCT00078468","NCT00085592"
"NCT00078494","NCT00112541"
"NCT00078546","NCT00608257"
"NCT00078559","NCT00585130"
"NCT00078572","NCT00086814"
"NCT00078585","NCT00081120"
"NCT00078793","NCT00016575"
"NCT00078806","NCT00039949"
"NCT00078949","NCT00089817"
"NCT00079001","NCT00698308"
"NCT00079144","NCT00076661"
"NCT00079170","NCT00076193"
"NCT00079274","NCT00170092"
"NCT00079300","NCT00045851"
"NCT00079313","NCT00076297"
"NCT00079391","NCT00076778"
"NCT00079482","NCT00483340"
"NCT00079612","NCT00044499"
"NCT00079625","NCT00082953"
"NCT00079755","NCT00107133"
"NCT00080158","NCT00183534"
"NCT00080353","NCT00084500"
"NCT00080535","NCT00085085"
"NCT00080860","NCT00076895"
"NCT00080873","NCT00228800"
"NCT00080912","NCT00797173"
"NCT00080990","NCT01645501"
"NCT00080990","NCT01664299"
"NCT00081354","NCT00899106"
"NCT00081510","NCT00098904"
"NCT00081588","NCT00980226"
"NCT00081614","NCT00091221"
"NCT00081796","NCT00107406"
"NCT00081848","NCT00085241"
"NCT00082017","NCT00085319"
"NCT00082147","NCT00085514"
"NCT00082368","NCT00086853"
"NCT00082420","NCT00072696"
"NCT00082485","NCT00431938"
"NCT00082745","NCT00228787"
"NCT00082914","NCT00078702"
"NCT00083005","NCT00078650"
"NCT00083057","NCT00080249"
"NCT00083083","NCT00194389"
"NCT00083174","NCT00304486"
"NCT00083447","NCT00087230"
"NCT00083512","NCT00087308"
"NCT00083616","NCT00087243"
"NCT00083733","NCT00899938"
"NCT00083889","NCT00098657"
"NCT00084123","NCT00065091"
"NCT00084318","NCT00414674"
"NCT00085111","NCT00080561"
"NCT00085150","NCT00082004"
"NCT00085423","NCT00225771"
"NCT00085462","NCT00082264"
"NCT00085540","NCT00103909"
"NCT00085800","NCT00294138"
"NCT00085826","NCT00021411"
"NCT00085826","NCT00036322"
"NCT00085930","NCT00609206"
"NCT00086216","NCT00301977"
"NCT00086216","NCT00491972"
"NCT00086268","NCT00093717"
"NCT00086567","NCT00119353"
"NCT00086658","NCT00081445"
"NCT00086684","NCT00399139"
"NCT00087022","NCT00209183"
"NCT00087698","NCT00072397"
"NCT00088166","NCT00091013"
"NCT00088374","NCT00089375"
"NCT00088413","NCT00091000"
"NCT00088530","NCT00101049"
"NCT00088868","NCT00086008"
"NCT00088907","NCT00695760"
"NCT00089349","NCT00229606"
"NCT00089401","NCT00086697"
"NCT00089427","NCT00105014"
"NCT00089596","NCT00301704"
"NCT00089609","NCT00091364"
"NCT00089635","NCT00112944"
"NCT00089778","NCT00091403"
"NCT00090363","NCT00107146"
"NCT00090545","NCT00093431"
"NCT00090857","NCT00165529"
"NCT00090857","NCT00577551"
"NCT00091039","NCT00088725"
"NCT00091104","NCT00088439"
"NCT00091195","NCT01645670"
"NCT00091195","NCT01660282"
"NCT00091338","NCT00088322"
"NCT00091442","NCT00343538"
"NCT00091572","NCT00101218"
"NCT00091611","NCT00093574"
"NCT00091676","NCT00001945"
"NCT00091676","NCT00019981"
"NCT00091676","NCT00096577"
"NCT00091858","NCT00098696"
"NCT00092222","NCT00099073"
"NCT00092235","NCT00331968"
"NCT00092950","NCT00095849"
"NCT00093145","NCT00085605"
"NCT00093444","NCT00090805"
"NCT00093496","NCT01646918"
"NCT00093496","NCT01664312"
"NCT00093795","NCT00191958"
"NCT00093964","NCT00103064"
"NCT00093964","NCT00119288"
"NCT00094133","NCT00324337"
"NCT00094497","NCT00924144"
"NCT00094809","NCT00119327"
"NCT00094835","NCT00107224"
"NCT00094887","NCT00652535"
"NCT00094978","NCT00098644"
"NCT00095186","NCT00099034"
"NCT00095225","NCT00098410"
"NCT00095381","NCT00086788"
"NCT00095459","NCT00098592"
"NCT00095576","NCT00770549"
"NCT00095589","NCT00185627"
"NCT00095706","NCT00093535"
"NCT00095875","NCT00705068"
"NCT00095914","NCT00092261"
"NCT00096005","NCT01646905"
"NCT00096005","NCT01664325"
"NCT00096083","NCT00091455"
"NCT00096382","NCT00092248"
"NCT00096551","NCT00098449"
"NCT00096590","NCT00464360"
"NCT00096967","NCT00066560"
"NCT00097058","NCT00238589"
"NCT00097539","NCT00231361"
"NCT00097539","NCT00672126"
"NCT00097929","NCT00124631"
"NCT00097955","NCT00219206"
"NCT00098254","NCT00100763"
"NCT00098423","NCT01646931"
"NCT00098423","NCT01664338"
"NCT00098579","NCT01645488"
"NCT00099112","NCT00077740"
"NCT00099255","NCT00118079"
"NCT00099502","NCT00185432"
"NCT00100321","NCT00104832"
"NCT00100386","NCT00342745"
"NCT00100568","NCT00738465"
"NCT00100685","NCT00103077"
"NCT00100880","NCT00106990"
"NCT00101010","NCT00290446"
"NCT00101582","NCT00963456"
"NCT00101595","NCT00110097"
"NCT00101608","NCT00268424"
"NCT00101647","NCT00108693"
"NCT00101660","NCT00112801"
"NCT00101816","NCT00108719"
"NCT00101894","NCT00107328"
"NCT00101920","NCT00079209"
"NCT00101998","NCT00903513"
"NCT00102544","NCT00671840"
"NCT00102596","NCT01195909"
"NCT00102622","NCT02157870"
"NCT00102635","NCT00103090"
"NCT00103038","NCT00980720"
"NCT00103194","NCT02154373"
"NCT00103259","NCT00695721"
"NCT00103298","NCT00096889"
"NCT00103350","NCT00104208"
"NCT00103610","NCT00248508"
"NCT00103662","NCT00248417"
"NCT00103740","NCT00051649"
"NCT00104065","NCT00124592"
"NCT00104650","NCT00121342"
"NCT00104767","NCT00744783"
"NCT00104962","NCT00269711"
"NCT00105144","NCT00235742"
"NCT00105950","NCT00214409"
"NCT00105950","NCT00278317"
"NCT00106184","NCT00393237"
"NCT00106418","NCT00058643"
"NCT00106431","NCT00337025"
"NCT00106613","NCT00058630"
"NCT00106613","NCT00060216"
"NCT00107003","NCT00103129"
"NCT00108056","NCT00112788"
"NCT00108069","NCT00112762"
"NCT00108342","NCT00876239"
"NCT00108355","NCT00530959"
"NCT00108550","NCT01828450"
"NCT00109005","NCT00112606"
"NCT00109031","NCT00126529"
"NCT00109031","NCT00965692"
"NCT00109070","NCT00012233"
"NCT00109226","NCT00012272"
"NCT00109239","NCT00012285"
"NCT00109265","NCT00024219"
"NCT00110266","NCT00343837"
"NCT00110305","NCT00980837"
"NCT00110812","NCT00106730"
"NCT00110877","NCT00980902"
"NCT00111007","NCT00262912"
"NCT00111319","NCT00109902"
"NCT00111345","NCT00478153"
"NCT00111618","NCT00119275"
"NCT00111761","NCT00047151"
"NCT00111969","NCT00386295"
"NCT00112307","NCT00165113"
"NCT00112385","NCT00282880"
"NCT00112463","NCT01645683"
"NCT00112580","NCT00108888"
"NCT00112593","NCT00010348"
"NCT00112684","NCT01645540"
"NCT00112736","NCT00267878"
"NCT00112996","NCT00705029"
"NCT00113893","NCT00744432"
"NCT00113984","NCT00124670"
"NCT00114530","NCT00472277"
"NCT00114530","NCT00545038"
"NCT00114530","NCT00848614"
"NCT00114530","NCT00871221"
"NCT00114530","NCT00872508"
"NCT00114738","NCT00131976"
"NCT00115128","NCT00108966"
"NCT00115193","NCT00066833"
"NCT00115687","NCT00064948"
"NCT00116272","NCT01017016"
"NCT00116376","NCT00085215"
"NCT00116844","NCT00268190"
"NCT00116961","NCT00670072"
"NCT00117013","NCT00182676"
"NCT00117351","NCT00119223"
"NCT00117598","NCT00326547"
"NCT00117845","NCT00138190"
"NCT00117936","NCT00032318"
"NCT00118209","NCT00234351"
"NCT00118248","NCT01646944"
"NCT00118248","NCT01664351"
"NCT00118365","NCT00005882"
"NCT00118404","NCT00183664"
"NCT00118404","NCT00218764"
"NCT00119548","NCT00186160"
"NCT00119821","NCT00170040"
"NCT00120653","NCT00238134"
"NCT00121628","NCT00331383"
"NCT00122304","NCT00133120"
"NCT00123019","NCT00119808"
"NCT00123045","NCT00181324"
"NCT00123058","NCT00129103"
"NCT00123097","NCT00408486"
"NCT00123253","NCT00435136"
"NCT00123487","NCT00331396"
"NCT00123500","NCT00122967"
"NCT00123773","NCT00271648"
"NCT00123942","NCT00071825"
"NCT00123942","NCT00075361"
"NCT00124124","NCT00045383"
"NCT00124514","NCT00088244"
"NCT00124748","NCT00324636"
"NCT00124917","NCT00227799"
"NCT00125788","NCT00029887"
"NCT00126646","NCT00114751"
"NCT00127452","NCT00139464"
"NCT00128102","NCT00265577"
"NCT00128102","NCT00290784"
"NCT00128661","NCT00344357"
"NCT00128830","NCT00980772"
"NCT00128934","NCT00278720"
"NCT00129948","NCT00310193"
"NCT00130312","NCT00342238"
"NCT00130442","NCT00128648"
"NCT00130520","NCT00696670"
"NCT00130871","NCT00195832"
"NCT00132015","NCT00285311"
"NCT00132041","NCT00399958"
"NCT00132691","NCT00269698"
"NCT00133406","NCT00421382"
"NCT00133419","NCT00156832"
"NCT00133432","NCT00197717"
"NCT00134719","NCT00787046"
"NCT00135187","NCT00670085"
"NCT00136903","NCT00476762"
"NCT00137878","NCT00069147"
"NCT00137878","NCT00072241"
"NCT00137995","NCT00081146"
"NCT00138125","NCT00203437"
"NCT00138229","NCT00118599"
"NCT00139334","NCT00209976"
"NCT00139685","NCT00264836"
"NCT00139815","NCT01352169"
"NCT00141167","NCT00155298"
"NCT00141778","NCT00134862"
"NCT00142844","NCT00136162"
"NCT00143962","NCT00200811"
"NCT00144430","NCT00228826"
"NCT00145184","NCT00197535"
"NCT00145418","NCT00393081"
"NCT00147251","NCT00047424"
"NCT00147563","NCT00260845"
"NCT00153010","NCT00055406"
"NCT00153101","NCT00034931"
"NCT00153166","NCT00225940"
"NCT00153699","NCT00518063"
"NCT00153881","NCT00014417"
"NCT00154063","NCT00239941"
"NCT00154180","NCT00623311"
"NCT00154284","NCT00170807"
"NCT00156013","NCT00305721"
"NCT00156676","NCT00127426"
"NCT00156689","NCT00298948"
"NCT00158132","NCT00128349"
"NCT00158366","NCT00177905"
"NCT00158821","NCT00005573"
"NCT00159198","NCT00140777"
"NCT00159861","NCT00147641"
"NCT00162682","NCT00197626"
"NCT00165087","NCT00004034"
"NCT00165126","NCT00207246"
"NCT00165399","NCT00003915"
"NCT00165711","NCT00164983"
"NCT00166543","NCT00687557"
"NCT00166608","NCT00147407"
"NCT00167180","NCT00303693"
"NCT00167219","NCT00262756"
"NCT00167505","NCT00207545"
"NCT00167804","NCT00223886"
"NCT00168766","NCT00492180"
"NCT00170950","NCT00097864"
"NCT00171821","NCT00565578"
"NCT00171834","NCT00088127"
"NCT00171873","NCT00202085"
"NCT00174655","NCT00005659"
"NCT00176605","NCT00227643"
"NCT00176644","NCT00255632"
"NCT00176826","NCT00973843"
"NCT00176852","NCT00005897"
"NCT00176878","NCT00005895"
"NCT00176904","NCT00005894"
"NCT00176917","NCT00005899"
"NCT00176930","NCT00393133"
"NCT00177047","NCT00293306"
"NCT00177710","NCT00235638"
"NCT00179309","NCT00217750"
"NCT00179647","NCT00331903"
"NCT00182052","NCT00139412"
"NCT00182624","NCT00076908"
"NCT00182858","NCT01927796"
"NCT00184717","NCT00184704"
"NCT00185640","NCT00186615"
"NCT00186576","NCT00052546"
"NCT00186628","NCT00234013"
"NCT00189228","NCT00201097"
"NCT00189423","NCT00225953"
"NCT00189488","NCT00964899"
"NCT00190268","NCT00169429"
"NCT00190723","NCT00047892"
"NCT00190723","NCT00052663"
"NCT00191139","NCT00074217"
"NCT00193076","NCT00191776"
"NCT00194194","NCT00350558"
"NCT00194259","NCT00350740"
"NCT00194519","NCT00197574"
"NCT00194519","NCT00197600"
"NCT00195247","NCT00112814"
"NCT00196937","NCT00332358"
"NCT00196937","NCT00332475"
"NCT00196937","NCT00332501"
"NCT00196937","NCT00332527"
"NCT00197184","NCT00787449"
"NCT00199134","NCT00199199"
"NCT00199420","NCT00203983"
"NCT00200174","NCT00004247"
"NCT00200200","NCT00263848"
"NCT00201162","NCT00181103"
"NCT00201214","NCT00178815"
"NCT00201721","NCT00423423"
"NCT00203372","NCT00128674"
"NCT00203411","NCT00217685"
"NCT00203879","NCT00064168"
"NCT00204243","NCT00520793"
"NCT00206219","NCT00072878"
"NCT00206388","NCT00258414"
"NCT00206674","NCT00185497"
"NCT00206687","NCT00059007"
"NCT00206687","NCT00185406"
"NCT00206700","NCT00185471"
"NCT00207116","NCT00118118"
"NCT00207636","NCT00137618"
"NCT00207701","NCT01128504"
"NCT00208104","NCT00201175"
"NCT00209482","NCT00120146"
"NCT00210548","NCT00147173"
"NCT00210665","NCT00707109"
"NCT00211198","NCT00279396"
"NCT00211549","NCT00371917"
"NCT00211835","NCT00233116"
"NCT00212160","NCT00247598"
"NCT00212381","NCT00206804"
"NCT00212628","NCT00189865"
"NCT00212667","NCT00189891"
"NCT00212875","NCT00246311"
"NCT00214045","NCT00590733"
"NCT00214422","NCT00278356"
"NCT00214500","NCT00231036"
"NCT00215605","NCT00354289"
"NCT00217503","NCT00121576"
"NCT00217594","NCT00123721"
"NCT00217672","NCT00203398"
"NCT00218335","NCT00597155"
"NCT00218972","NCT00805363"
"NCT00220987","NCT00175331"
"NCT00221026","NCT00105261"
"NCT00221065","NCT00375479"
"NCT00222287","NCT00222313"
"NCT00222443","NCT00277719"
"NCT00223405","NCT01128231"
"NCT00223808","NCT00038324"
"NCT00224185","NCT00234325"
"NCT00224783","NCT00192530"
"NCT00224848","NCT00205673"
"NCT00224874","NCT00253656"
"NCT00224874","NCT00474149"
"NCT00225121","NCT00276653"
"NCT00225121","NCT00278291"
"NCT00226434","NCT00498823"
"NCT00226434","NCT01300481"
"NCT00227006","NCT00005747"
"NCT00227279","NCT00146991"
"NCT00227292","NCT00294333"
"NCT00227877","NCT00592878"
"NCT00227877","NCT00592956"
"NCT00227916","NCT00249184"
"NCT00228956","NCT00263913"
"NCT00229697","NCT00069290"
"NCT00229723","NCT00099398"
"NCT00229983","NCT00592787"
"NCT00230191","NCT00046956"
"NCT00230217","NCT00086918"
"NCT00230217","NCT00247767"
"NCT00230529","NCT01128491"
"NCT00231166","NCT00304109"
"NCT00232505","NCT00420329"
"NCT00232505","NCT00492375"
"NCT00233402","NCT00209157"
"NCT00233727","NCT00494000"
"NCT00236132","NCT00275470"
"NCT00238303","NCT01647100"
"NCT00241644","NCT00598468"
"NCT00241904","NCT00385619"
"NCT00242658","NCT00201032"
"NCT00242723","NCT00447447"
"NCT00243191","NCT00176709"
"NCT00243854","NCT00216307"
"NCT00243893","NCT00305994"
"NCT00244257","NCT00245999"
"NCT00244686","NCT02543112"
"NCT00244881","NCT00215488"
"NCT00245115","NCT00246649"
"NCT00245583","NCT00277628"
"NCT00245635","NCT00029471"
"NCT00245739","NCT00613483"
"NCT00246194","NCT01571154"
"NCT00246727","NCT00352274"
"NCT00246727","NCT00392626"
"NCT00246818","NCT00414791"
"NCT00247260","NCT00252265"
"NCT00248404","NCT00255736"
"NCT00248495","NCT01731626"
"NCT00248638","NCT01776476"
"NCT00248651","NCT00275626"
"NCT00248768","NCT00449371"
"NCT00249262","NCT00411918"
"NCT00250484","NCT00130052"
"NCT00251459","NCT00299078"
"NCT00253318","NCT01825265"
"NCT00253474","NCT00156754"
"NCT00253526","NCT00158392"
"NCT00255125","NCT00285480"
"NCT00255775","NCT00090350"
"NCT00256750","NCT00432497"
"NCT00257400","NCT00843674"
"NCT00257673","NCT00605501"
"NCT00257738","NCT00704041"
"NCT00259740","NCT00337363"
"NCT00259987","NCT00345995"
"NCT00261729","NCT00240201"
"NCT00262184","NCT00154908"
"NCT00262314","NCT00016614"
"NCT00262743","NCT00166335"
"NCT00262821","NCT00704873"
"NCT00262938","NCT00420979"
"NCT00265304","NCT00371358"
"NCT00265759","NCT00698971"
"NCT00267085","NCT00392600"
"NCT00267592","NCT00082992"
"NCT00267865","NCT00304044"
"NCT00267969","NCT01585714"
"NCT00269828","NCT00317824"
"NCT00270270","NCT00547313"
"NCT00270283","NCT00473759"
"NCT00270361","NCT00040612"
"NCT00270452","NCT00313638"
"NCT00270465","NCT00255853"
"NCT00271609","NCT00290797"
"NCT00272038","NCT00321841"
"NCT00272181","NCT00335842"
"NCT00272350","NCT00293566"
"NCT00272441","NCT00000622"
"NCT00272454","NCT00272129"
"NCT00272649","NCT00309829"
"NCT00273364","NCT03133403"
"NCT00273546","NCT00004214"
"NCT00273910","NCT00304057"
"NCT00274287","NCT00336037"
"NCT00274677","NCT00076882"
"NCT00275002","NCT00291291"
"NCT00276159","NCT00326937"
"NCT00276523","NCT00078416"
"NCT00276991","NCT00385424"
"NCT00276991","NCT00505193"
"NCT00276991","NCT00554060"
"NCT00278304","NCT00214396"
"NCT00278551","NCT00017615"
"NCT00278577","NCT00014703"
"NCT00280787","NCT00522366"
"NCT00282100","NCT00228501"
"NCT00283062","NCT00343967"
"NCT00283608","NCT00366054"
"NCT00283725","NCT01712932"
"NCT00284245","NCT00915395"
"NCT00285350","NCT00127894"
"NCT00285428","NCT00112970"
"NCT00285779","NCT00568581"
"NCT00285779","NCT00691106"
"NCT00286364","NCT00150501"
"NCT00287287","NCT00381498"
"NCT00287495","NCT00304122"
"NCT00288119","NCT00058877"
"NCT00288275","NCT00301717"
"NCT00288938","NCT00335530"
"NCT00289926","NCT00394342"
"NCT00290472","NCT00084474"
"NCT00290485","NCT00363103"
"NCT00290771","NCT00292149"
"NCT00290810","NCT01646996"
"NCT00290810","NCT01664364"
"NCT00290823","NCT00344396"
"NCT00291317","NCT00374816"
"NCT00291941","NCT00739726"
"NCT00291954","NCT00671762"
"NCT00291980","NCT00739804"
"NCT00293176","NCT00100022"
"NCT00293345","NCT01645527"
"NCT00294723","NCT00853359"
"NCT00295165","NCT00295321"
"NCT00295932","NCT00859443"
"NCT00295958","NCT00263510"
"NCT00295984","NCT00339755"
"NCT00296114","NCT00250107"
"NCT00296647","NCT00106873"
"NCT00297258","NCT00293449"
"NCT00297427","NCT00177450"
"NCT00297895","NCT00389571"
"NCT00298779","NCT00107302"
"NCT00299273","NCT00503373"
"NCT00299819","NCT00394719"
"NCT00301093","NCT00215475"
"NCT00301119","NCT00212524"
"NCT00301899","NCT00263224"
"NCT00301990","NCT00142142"
"NCT00302016","NCT00532649"
"NCT00302107","NCT00449189"
"NCT00302159","NCT00313664"
"NCT00302861","NCT00313651"
"NCT00303433","NCT00303095"
"NCT00303472","NCT00548028"
"NCT00303836","NCT00255203"
"NCT00303940","NCT00261885"
"NCT00303992","NCT00145821"
"NCT00304083","NCT00266890"
"NCT00304330","NCT00332423"
"NCT00304460","NCT00331617"
"NCT00304525","NCT00324935"
"NCT00305110","NCT01006850"
"NCT00305656","NCT00254943"
"NCT00305825","NCT00187694"
"NCT00307684","NCT00980499"
"NCT00308165","NCT00324844"
"NCT00308165","NCT00452959"
"NCT00308724","NCT00081393"
"NCT00310089","NCT00273923"
"NCT00310180","NCT00554931"
"NCT00310427","NCT00401037"
"NCT00310791","NCT01343771"
"NCT00310830","NCT00307359"
"NCT00311688","NCT00359749"
"NCT00313196","NCT00307372"
"NCT00313560","NCT00962520"
"NCT00313729","NCT00187642"
"NCT00314093","NCT00331461"
"NCT00314106","NCT00335127"
"NCT00314743","NCT00285272"
"NCT00315458","NCT01137279"
"NCT00317538","NCT00094471"
"NCT00317733","NCT01309464"
"NCT00318110","NCT00429130"
"NCT00318955","NCT00248001"
"NCT00319332","NCT00078676"
"NCT00319501","NCT01079156"
"NCT00319748","NCT00363493"
"NCT00319813","NCT00479869"
"NCT00320216","NCT00322998"
"NCT00320372","NCT00657215"
"NCT00320658","NCT00342420"
"NCT00320801","NCT01137422"
"NCT00321399","NCT00575289"
"NCT00321555","NCT00337311"
"NCT00321581","NCT00354848"
"NCT00321594","NCT01251445"
"NCT00322140","NCT00352040"
"NCT00322205","NCT00326755"
"NCT00324025","NCT00804635"
"NCT00324480","NCT01645514"
"NCT00324480","NCT01664377"
"NCT00324727","NCT00291252"
"NCT00325494","NCT00349154"
"NCT00325494","NCT00377013"
"NCT00325754","NCT00119860"
"NCT00326170","NCT01575691"
"NCT00326417","NCT00335608"
"NCT00326417","NCT00474747"
"NCT00326495","NCT00343772"
"NCT00326872","NCT01646970"
"NCT00326872","NCT01664390"
"NCT00327522","NCT00309153"
"NCT00327600","NCT00301132"
"NCT00327665","NCT00328003"
"NCT00328666","NCT00271895"
"NCT00328861","NCT00354055"
"NCT00329030","NCT00415012"
"NCT00329199","NCT00372554"
"NCT00329225","NCT00054782"
"NCT00329745","NCT00329953"
"NCT00329745","NCT00331734"
"NCT00331136","NCT00329875"
"NCT00331344","NCT01648374"
"NCT00331643","NCT00318526"
"NCT00331955","NCT00365079"
"NCT00332644","NCT00109447"
"NCT00333138","NCT00235430"
"NCT00333424","NCT00476749"
"NCT00333424","NCT00859248"
"NCT00333424","NCT00859820"
"NCT00333801","NCT00260507"
"NCT00334893","NCT01645592"
"NCT00334893","NCT01664403"
"NCT00335491","NCT00286715"
"NCT00336934","NCT00413530"
"NCT00337662","NCT00373321"
"NCT00337818","NCT00337844"
"NCT00337818","NCT00337857"
"NCT00337818","NCT00338169"
"NCT00337883","NCT00090883"
"NCT00339222","NCT00556829"
"NCT00339248","NCT00898586"
"NCT00339274","NCT00897572"
"NCT00339430","NCT00897689"
"NCT00339469","NCT00557063"
"NCT00339638","NCT00897013"
"NCT00339664","NCT00898196"
"NCT00339742","NCT00544843"
"NCT00339742","NCT01338207"
"NCT00339768","NCT00134121"
"NCT00339768","NCT01338155"
"NCT00339807","NCT00544661"
"NCT00339859","NCT00559325"
"NCT00339898","NCT00899236"
"NCT00339989","NCT00558389"
"NCT00340054","NCT00481910"
"NCT00340392","NCT00900315"
"NCT00340457","NCT00546338"
"NCT00340457","NCT01338220"
"NCT00340535","NCT00559793"
"NCT00340535","NCT01338272"
"NCT00340756","NCT00899925"
"NCT00340808","NCT00556556"
"NCT00341016","NCT00558974"
"NCT00341016","NCT01338233"
"NCT00341094","NCT00558610"
"NCT00341094","NCT01338259"
"NCT00341276","NCT00558415"
"NCT00341276","NCT01338246"
"NCT00341523","NCT00005885"
"NCT00342056","NCT00897000"
"NCT00342186","NCT00565825"
"NCT00342212","NCT00602810"
"NCT00342537","NCT00897598"
"NCT00342771","NCT00556725"
"NCT00342836","NCT00899730"
"NCT00342862","NCT00168675"
"NCT00342888","NCT00556985"
"NCT00343109","NCT00369525"
"NCT00343473","NCT00343746"
"NCT00343915","NCT00787228"
"NCT00345176","NCT00409513"
"NCT00345345","NCT00365066"
"NCT00345371","NCT00431652"
"NCT00345852","NCT00109694"
"NCT00346008","NCT00482534"
"NCT00346255","NCT00625508"
"NCT00346385","NCT00625287"
"NCT00347204","NCT00405028"
"NCT00349869","NCT00346307"
"NCT00350051","NCT00430222"
"NCT00350415","NCT00336440"
"NCT00350727","NCT00412711"
"NCT00351975","NCT00336804"
"NCT00352001","NCT00326846"
"NCT00352131","NCT00625716"
"NCT00352313","NCT00340041"
"NCT00352638","NCT00491205"
"NCT00353158","NCT00411008"
"NCT00354276","NCT00389623"
"NCT00354627","NCT00613236"
"NCT00354913","NCT00611234"
"NCT00355134","NCT00774670"
"NCT00356369","NCT00356499"
"NCT00356369","NCT00356538"
"NCT00356369","NCT00356577"
"NCT00356369","NCT00356694"
"NCT00356369","NCT00356876"
"NCT00356460","NCT00381745"
"NCT00356889","NCT01646957"
"NCT00356889","NCT01664416"
"NCT00356980","NCT00328406"
"NCT00357162","NCT01647009"
"NCT00357162","NCT01664429"
"NCT00357448","NCT00268801"
"NCT00357461","NCT00325052"
"NCT00357500","NCT00165321"
"NCT00358501","NCT00410917"
"NCT00358540","NCT00408837"
"NCT00358644","NCT00238095"
"NCT00358852","NCT01991496"
"NCT00359125","NCT00363064"
"NCT00359320","NCT00432848"
"NCT00359606","NCT00378807"
"NCT00359619","NCT00359502"
"NCT00359619","NCT00359528"
"NCT00359619","NCT00359827"
"NCT00359983","NCT00360113"
"NCT00359983","NCT00360165"
"NCT00360269","NCT00227851"
"NCT00360490","NCT00360620"
"NCT00360776","NCT00331591"
"NCT00361348","NCT00964509"
"NCT00362713","NCT00462930"
"NCT00363714","NCT00495742"
"NCT00365391","NCT01649076"
"NCT00366145","NCT00476840"
"NCT00366418","NCT00389961"
"NCT00366639","NCT00530673"
"NCT00367458","NCT00923546"
"NCT00367666","NCT00194337"
"NCT00368082","NCT00675571"
"NCT00369122","NCT01530633"
"NCT00371774","NCT00214799"
"NCT00374946","NCT00289692"
"NCT00376415","NCT00200772"
"NCT00376480","NCT00475384"
"NCT00376688","NCT00360542"
"NCT00376805","NCT00167193"
"NCT00377104","NCT01645579"
"NCT00377637","NCT00121082"
"NCT00378534","NCT00398346"
"NCT00378638","NCT00372866"
"NCT00381940","NCT01648439"
"NCT00383097","NCT00608478"
"NCT00383786","NCT00211861"
"NCT00383890","NCT00411775"
"NCT00385268","NCT00295451"
"NCT00386243","NCT00449475"
"NCT00386256","NCT00929149"
"NCT00387608","NCT00347633"
"NCT00387621","NCT00818974"
"NCT00387647","NCT00365664"
"NCT00387660","NCT00462800"
"NCT00387868","NCT00509522"
"NCT00387998","NCT00380432"
"NCT00388336","NCT00090935"
"NCT00388960","NCT00424073"
"NCT00389467","NCT00094588"
"NCT00390325","NCT01645631"
"NCT00390416","NCT00403468"
"NCT00391222","NCT01205113"
"NCT00393172","NCT00354718"
"NCT00393224","NCT00898248"
"NCT00393380","NCT00579722"
"NCT00393757","NCT00776061"
"NCT00393796","NCT01225848"
"NCT00394576","NCT00693277"
"NCT00396019","NCT00678951"
"NCT00396864","NCT00385814"
"NCT00398281","NCT00330057"
"NCT00398515","NCT01645553"
"NCT00398515","NCT01664442"
"NCT00399529","NCT00397371"
"NCT00400153","NCT00847652"
"NCT00400179","NCT00128609"
"NCT00400699","NCT00304343"
"NCT00400946","NCT00165165"
"NCT00401388","NCT00411502"
"NCT00401869","NCT00526825"
"NCT00402597","NCT01151332"
"NCT00402961","NCT00425412"
"NCT00404339","NCT00235612"
"NCT00404365","NCT00369369"
"NCT00404898","NCT01751711"
"NCT00404989","NCT01137981"
"NCT00406809","NCT00408811"
"NCT00407407","NCT00405223"
"NCT00408031","NCT00781014"
"NCT00408213","NCT00231088"
"NCT00408694","NCT00707096"
"NCT00409565","NCT00407810"
"NCT00410605","NCT00406328"
"NCT00410670","NCT00558714"
"NCT00410826","NCT01009489"
"NCT00411086","NCT00409474"
"NCT00411645","NCT00430339"
"NCT00412360","NCT00429598"
"NCT00412750","NCT00376389"
"NCT00412867","NCT00412945"
"NCT00413075","NCT00411476"
"NCT00413218","NCT00444366"
"NCT00414518","NCT00525070"
"NCT00414518","NCT01030172"
"NCT00414609","NCT00699075"
"NCT00414648","NCT00408343"
"NCT00414648","NCT00720746"
"NCT00414960","NCT00387816"
"NCT00415025","NCT00214188"
"NCT00416598","NCT01647074"
"NCT00416793","NCT00409877"
"NCT00420485","NCT00462163"
"NCT00421044","NCT00478920"
"NCT00421538","NCT00539058"
"NCT00421798","NCT00763854"
"NCT00422058","NCT00480909"
"NCT00423085","NCT00531609"
"NCT00423865","NCT00406666"
"NCT00424346","NCT00471198"
"NCT00424346","NCT00784628"
"NCT00424359","NCT01355250"
"NCT00424658","NCT00424879"
"NCT00425035","NCT00036530"
"NCT00425204","NCT00081185"
"NCT00425321","NCT00766610"
"NCT00425347","NCT00429741"
"NCT00425542","NCT00974207"
"NCT00425607","NCT00426088"
"NCT00425672","NCT00364208"
"NCT00426660","NCT02783001"
"NCT00426764","NCT00924378"
"NCT00427726","NCT01444937"
"NCT00427895","NCT00488852"
"NCT00427895","NCT00774410"
"NCT00428272","NCT01445093"
"NCT00430053","NCT00075322"
"NCT00430846","NCT00412282"
"NCT00431639","NCT00103688"
"NCT00431847","NCT01710475"
"NCT00433394","NCT00228709"
"NCT00433745","NCT00458965"
"NCT00434161","NCT00964925"
"NCT00435123","NCT00458939"
"NCT00435942","NCT00998491"
"NCT00436254","NCT00194662"
"NCT00436501","NCT00427518"
"NCT00437502","NCT00469677"
"NCT00437853","NCT00262535"
"NCT00438282","NCT00053664"
"NCT00439231","NCT00465127"
"NCT00439413","NCT00462514"
"NCT00439608","NCT01904435"
"NCT00442013","NCT00604851"
"NCT00443118","NCT01126489"
"NCT00443196","NCT00531388"
"NCT00445198","NCT00929513"
"NCT00446914","NCT00425828"
"NCT00447954","NCT00277134"
"NCT00448357","NCT00618306"
"NCT00449644","NCT00614627"
"NCT00449644","NCT00980265"
"NCT00450138","NCT00411710"
"NCT00450502","NCT01445184"
"NCT00450931","NCT00386932"
"NCT00450944","NCT00272298"
"NCT00451022","NCT01444963"
"NCT00451191","NCT00395525"
"NCT00451971","NCT00251667"
"NCT00454324","NCT00521313"
"NCT00456599","NCT00426738"
"NCT00457860","NCT00453284"
"NCT00458393","NCT00350324"
"NCT00458679","NCT00602121"
"NCT00459706","NCT00595452"
"NCT00459732","NCT00480415"
"NCT00459953","NCT01330069"
"NCT00460421","NCT00896506"
"NCT00462605","NCT00466115"
"NCT00465595","NCT00850967"
"NCT00466245","NCT00170651"
"NCT00466726","NCT00452933"
"NCT00467844","NCT00832104"
"NCT00468728","NCT00427869"
"NCT00469508","NCT00462293"
"NCT00469729","NCT00763334"
"NCT00470561","NCT00464906"
"NCT00470873","NCT00459394"
"NCT00470886","NCT00458692"
"NCT00471003","NCT00459095"
"NCT00471133","NCT00466427"
"NCT00471328","NCT00488150"
"NCT00471393","NCT00699647"
"NCT00471497","NCT00718263"
"NCT00471562","NCT01581268"
"NCT00472108","NCT00022503"
"NCT00474175","NCT00836511"
"NCT00474383","NCT01798615"
"NCT00474734","NCT00472979"
"NCT00475150","NCT01646983"
"NCT00475150","NCT01664455"
"NCT00476242","NCT00126711"
"NCT00476554","NCT00475995"
"NCT00477607","NCT00570596"
"NCT00477880","NCT00268736"
"NCT00478361","NCT00477438"
"NCT00479726","NCT00479414"
"NCT00479726","NCT00479453"
"NCT00480025","NCT00638105"
"NCT00481195","NCT00547222"
"NCT00481611","NCT00353132"
"NCT00481611","NCT01338194"
"NCT00481754","NCT00342680"
"NCT00481793","NCT00342901"
"NCT00481793","NCT01338168"
"NCT00482092","NCT00609232"
"NCT00482118","NCT00341926"
"NCT00482352","NCT00228722"
"NCT00482677","NCT00493207"
"NCT00482846","NCT01654744"
"NCT00482989","NCT00566163"
"NCT00486525","NCT00526526"
"NCT00487656","NCT01090115"
"NCT00488241","NCT01646658"
"NCT00488423","NCT00554593"
"NCT00488592","NCT00499772"
"NCT00488774","NCT01842152"
"NCT00489086","NCT00500643"
"NCT00489528","NCT00013988"
"NCT00490139","NCT00609024"
"NCT00491894","NCT00425087"
"NCT00496626","NCT00926822"
"NCT00496834","NCT01001416"
"NCT00498550","NCT00149955"
"NCT00500812","NCT00104221"
"NCT00502541","NCT00031525"
"NCT00503035","NCT00258219"
"NCT00503568","NCT00247065"
"NCT00503841","NCT01654757"
"NCT00506753","NCT00249028"
"NCT00507767","NCT00513227"
"NCT00508651","NCT01150799"
"NCT00509171","NCT00753376"
"NCT00509301","NCT00516789"
"NCT00510718","NCT00513812"
"NCT00510783","NCT00832858"
"NCT00511550","NCT00005930"
"NCT00512798","NCT00209248"
"NCT00513435","NCT01645618"
"NCT00513435","NCT01664468"
"NCT00513695","NCT00831584"
"NCT00514475","NCT00505674"
"NCT00514501","NCT00585663"
"NCT00515892","NCT00522483"
"NCT00516087","NCT00682864"
"NCT00518609","NCT00098176"
"NCT00519831","NCT00330031"
"NCT00520000","NCT00254098"
"NCT00520091","NCT00280124"
"NCT00520741","NCT01058954"
"NCT00520936","NCT00459147"
"NCT00520936","NCT00739427"
"NCT00521144","NCT01645657"
"NCT00521300","NCT00241033"
"NCT00521651","NCT00340067"
"NCT00523237","NCT00627939"
"NCT00523991","NCT00460772"
"NCT00524368","NCT00613990"
"NCT00525525","NCT00535249"
"NCT00526812","NCT00346203"
"NCT00527657","NCT01867619"
"NCT00527865","NCT00718900"
"NCT00528528","NCT00614497"
"NCT00529100","NCT00470730"
"NCT00529997","NCT00479544"
"NCT00532194","NCT00544973"
"NCT00532233","NCT00843999"
"NCT00534911","NCT00596869"
"NCT00538785","NCT00240890"
"NCT00538850","NCT00589342"
"NCT00538863","NCT00589004"
"NCT00540332","NCT00965159"
"NCT00540449","NCT00613639"
"NCT00540605","NCT00572273"
"NCT00540865","NCT00504868"
"NCT00541099","NCT01665443"
"NCT00541697","NCT00093106"
"NCT00542087","NCT00092794"
"NCT00542243","NCT00547079"
"NCT00543140","NCT00813462"
"NCT00543335","NCT01636921"
"NCT00543725","NCT00614692"
"NCT00544752","NCT01315600"
"NCT00545649","NCT00569218"
"NCT00547144","NCT00568932"
"NCT00547339","NCT03554369"
"NCT00547378","NCT00549094"
"NCT00547443","NCT00975260"
"NCT00549185","NCT00539682"
"NCT00550147","NCT00198211"
"NCT00550368","NCT00549224"
"NCT00551525","NCT01317043"
"NCT00552500","NCT00161512"
"NCT00552916","NCT00538837"
"NCT00553189","NCT01445353"
"NCT00553332","NCT01645644"
"NCT00553839","NCT01100138"
"NCT00553878","NCT00516815"
"NCT00554086","NCT00260455"
"NCT00554229","NCT00707395"
"NCT00554515","NCT00536757"
"NCT00555152","NCT00570453"
"NCT00555425","NCT00595400"
"NCT00555984","NCT00524082"
"NCT00555997","NCT00657592"
"NCT00556439","NCT00788268"
"NCT00557492","NCT00428324"
"NCT00558896","NCT01219634"
"NCT00559039","NCT00340145"
"NCT00559065","NCT00516568"
"NCT00559208","NCT00397085"
"NCT00559507","NCT01645605"
"NCT00559507","NCT01664481"
"NCT00559598","NCT00342979"
"NCT00559949","NCT00589940"
"NCT00560144","NCT00557271"
"NCT00560716","NCT00530465"
"NCT00561015","NCT00613704"
"NCT00561353","NCT00614185"
"NCT00563212","NCT00212563"
"NCT00564460","NCT00547430"
"NCT00565721","NCT00923767"
"NCT00566202","NCT00761293"
"NCT00566410","NCT00570076"
"NCT00566449","NCT00767078"
"NCT00567229","NCT00590486"
"NCT00567580","NCT01312974"
"NCT00567931","NCT00617422"
"NCT00568256","NCT00571532"
"NCT00568347","NCT00569348"
"NCT00568425","NCT00533325"
"NCT00568490","NCT00185822"
"NCT00568698","NCT00083746"
"NCT00568802","NCT00084006"
"NCT00568867","NCT00507624"
"NCT00570401","NCT00590057"
"NCT00571701","NCT00297999"
"NCT00572182","NCT00923208"
"NCT00572728","NCT00566293"
"NCT00573170","NCT00599157"
"NCT00573170","NCT01812408"
"NCT00573287","NCT00063349"
"NCT00573404","NCT00495001"
"NCT00573989","NCT01580449"
"NCT00574366","NCT00179270"
"NCT00576095","NCT00048269"
"NCT00576095","NCT00185926"
"NCT00576381","NCT00516529"
"NCT00577707","NCT00602238"
"NCT00577889","NCT01647022"
"NCT00578032","NCT00573625"
"NCT00578461","NCT00653289"
"NCT00578539","NCT00647010"
"NCT00578591","NCT00624897"
"NCT00578864","NCT00600132"
"NCT00578903","NCT00598221"
"NCT00579111","NCT00625144"
"NCT00579137","NCT00609258"
"NCT00579423","NCT00016120"
"NCT00579800","NCT00514319"
"NCT00580060","NCT00085137"
"NCT00580268","NCT00320645"
"NCT00580801","NCT00614237"
"NCT00581672","NCT00602654"
"NCT00581958","NCT00899886"
"NCT00582751","NCT00577291"
"NCT00582907","NCT00767143"
"NCT00583401","NCT00557479"
"NCT00585312","NCT00393016"
"NCT00585312","NCT00534040"
"NCT00585533","NCT00204724"
"NCT00585546","NCT00701116"
"NCT00586066","NCT00645476"
"NCT00586092","NCT00276562"
"NCT00586391","NCT00608270"
"NCT00586508","NCT00559923"
"NCT00586547","NCT00622297"
"NCT00586846","NCT00072306"
"NCT00587067","NCT00310102"
"NCT00587093","NCT00502151"
"NCT00587431","NCT00070369"
"NCT00587470","NCT00014846"
"NCT00589212","NCT00096252"
"NCT00589290","NCT00720187"
"NCT00589784","NCT00561665"
"NCT00590083","NCT00111033"
"NCT00590343","NCT00627198"
"NCT00590369","NCT00583141"
"NCT00590460","NCT00058565"
"NCT00590629","NCT00192010"
"NCT00590915","NCT01009164"
"NCT00590954","NCT00400920"
"NCT00591175","NCT00070798"
"NCT00594815","NCT00059956"
"NCT00595764","NCT00632151"
"NCT00597129","NCT00303680"
"NCT00597519","NCT00388102"
"NCT00600353","NCT00631930"
"NCT00600925","NCT01150773"
"NCT00601055","NCT00504569"
"NCT00601913","NCT01588613"
"NCT00603304","NCT00097136"
"NCT00604201","NCT00608413"
"NCT00604721","NCT00550719"
"NCT00604721","NCT01656291"
"NCT00605280","NCT00148811"
"NCT00606996","NCT01831349"
"NCT00607724","NCT00862771"
"NCT00608517","NCT00244036"
"NCT00609219","NCT00074594"
"NCT00611247","NCT00426309"
"NCT00611715","NCT00179296"
"NCT00612313","NCT00599300"
"NCT00612560","NCT00635908"
"NCT00612612","NCT00574938"
"NCT00614458","NCT00576290"
"NCT00616291","NCT00711334"
"NCT00616434","NCT00750490"
"NCT00617409","NCT00618891"
"NCT00617617","NCT00027950"
"NCT00618969","NCT00840424"
"NCT00619112","NCT00539552"
"NCT00620087","NCT00963014"
"NCT00622401","NCT00731406"
"NCT00623441","NCT00265668"
"NCT00625846","NCT01648387"
"NCT00625846","NCT02653053"
"NCT00626639","NCT00963378"
"NCT00628199","NCT00553826"
"NCT00629200","NCT01479309"
"NCT00630084","NCT01006512"
"NCT00631163","NCT01199003"
"NCT00631358","NCT00806702"
"NCT00632138","NCT00237029"
"NCT00632632","NCT00161499"
"NCT00634231","NCT00729105"
"NCT00634361","NCT00237835"
"NCT00634933","NCT01616706"
"NCT00635284","NCT00573677"
"NCT00635570","NCT00145899"
"NCT00635856","NCT00033579"
"NCT00636116","NCT00884156"
"NCT00636337","NCT00735202"
"NCT00636636","NCT01465321"
"NCT00637897","NCT01055288"
"NCT00638235","NCT00793039"
"NCT00639678","NCT02075814"
"NCT00640328","NCT01526993"
"NCT00642941","NCT00615680"
"NCT00643097","NCT00090597"
"NCT00644059","NCT01015885"
"NCT00645645","NCT00341978"
"NCT00646555","NCT00073567"
"NCT00646555","NCT00899314"
"NCT00651833","NCT00227578"
"NCT00652054","NCT00227604"
"NCT00652561","NCT00227552"
"NCT00653042","NCT00090792"
"NCT00654238","NCT00601783"
"NCT00656175","NCT00755612"
"NCT00658320","NCT00856466"
"NCT00661180","NCT00085007"
"NCT00662090","NCT00898339"
"NCT00662103","NCT00665080"
"NCT00663611","NCT00663676"
"NCT00665041","NCT00742651"
"NCT00665249","NCT01117259"
"NCT00665353","NCT00735982"
"NCT00665847","NCT00750542"
"NCT00666991","NCT00708864"
"NCT00667810","NCT00909623"
"NCT00671801","NCT02369367"
"NCT00672048","NCT01733498"
"NCT00674024","NCT01445496"
"NCT00674804","NCT00732667"
"NCT00675285","NCT00496496"
"NCT00676143","NCT00909675"
"NCT00676507","NCT00641966"
"NCT00678132","NCT01445457"
"NCT00678691","NCT00568919"
"NCT00678769","NCT00678223"
"NCT00678886","NCT00893022"
"NCT00679185","NCT00400049"
"NCT00679354","NCT01648400"
"NCT00680225","NCT00541528"
"NCT00683462","NCT00683215"
"NCT00683930","NCT00140127"
"NCT00683969","NCT00090636"
"NCT00684905","NCT00956995"
"NCT00687102","NCT00571857"
"NCT00687687","NCT00588744"
"NCT00687765","NCT00589576"
"NCT00687804","NCT00906464"
"NCT00688376","NCT00687635"
"NCT00690339","NCT00557674"
"NCT00690898","NCT00225134"
"NCT00690924","NCT01896804"
"NCT00693095","NCT00627224"
"NCT00693992","NCT01647087"
"NCT00694707","NCT00892528"
"NCT00696631","NCT00543699"
"NCT00696813","NCT01615133"
"NCT00698685","NCT00543283"
"NCT00698867","NCT00515515"
"NCT00701103","NCT00282737"
"NCT00702299","NCT00548873"
"NCT00702767","NCT00516997"
"NCT00703846","NCT01337284"
"NCT00705432","NCT00795431"
"NCT00706329","NCT00839618"
"NCT00707304","NCT00937209"
"NCT00707889","NCT00788411"
"NCT00708162","NCT00707733"
"NCT00710151","NCT00706472"
"NCT00710762","NCT00370175"
"NCT00710970","NCT00589017"
"NCT00711555","NCT00229489"
"NCT00711568","NCT00108472"
"NCT00713349","NCT00693810"
"NCT00714493","NCT01281449"
"NCT00714701","NCT00084357"
"NCT00715637","NCT00509912"
"NCT00717613","NCT00729066"
"NCT00719732","NCT00762203"
"NCT00719901","NCT01647048"
"NCT00720226","NCT00720044"
"NCT00722163","NCT00495911"
"NCT00725686","NCT00455481"
"NCT00725712","NCT00415480"
"NCT00725764","NCT00482326"
"NCT00726323","NCT00345423"
"NCT00727233","NCT01445470"
"NCT00728377","NCT01141582"
"NCT00728728","NCT00639886"
"NCT00728845","NCT00933803"
"NCT00730236","NCT00603161"
"NCT00731692","NCT01779934"
"NCT00732745","NCT01019304"
"NCT00734682","NCT00745082"
"NCT00735917","NCT01647035"
"NCT00737256","NCT00819689"
"NCT00738582","NCT00923455"
"NCT00738946","NCT00745979"
"NCT00738972","NCT00621127"
"NCT00739609","NCT00788086"
"NCT00741858","NCT00565435"
"NCT00742131","NCT00105924"
"NCT00742625","NCT01647061"
"NCT00743028","NCT00923689"
"NCT00743067","NCT00349609"
"NCT00744965","NCT00942552"
"NCT00745732","NCT02087839"
"NCT00748527","NCT00514124"
"NCT00749411","NCT00843206"
"NCT00749580","NCT00717964"
"NCT00750269","NCT01317056"
"NCT00752206","NCT00923286"
"NCT00753207","NCT00566748"
"NCT00753688","NCT00794521"
"NCT00753740","NCT01565421"
"NCT00753818","NCT00222157"
"NCT00755768","NCT00454727"
"NCT00755976","NCT00632177"
"NCT00756652","NCT00495534"
"NCT00759395","NCT00738270"
"NCT00760019","NCT00762827"
"NCT00761813","NCT00557167"
"NCT00763438","NCT00563550"
"NCT00766246","NCT00735891"
"NCT00767754","NCT00515749"
"NCT00767871","NCT00461383"
"NCT00769470","NCT02668939"
"NCT00769821","NCT00501436"
"NCT00770497","NCT00975624"
"NCT00770588","NCT00769639"
"NCT00770822","NCT00485381"
"NCT00772486","NCT00796016"
"NCT00773071","NCT00972166"
"NCT00773734","NCT00953875"
"NCT00773734","NCT01130116"
"NCT00773955","NCT01647113"
"NCT00776295","NCT00609583"
"NCT00776594","NCT01019031"
"NCT00777114","NCT00398762"
"NCT00777829","NCT00773032"
"NCT00778154","NCT00778635"
"NCT00778817","NCT00810537"
"NCT00778999","NCT00628641"
"NCT00782340","NCT00879567"
"NCT00782613","NCT00757861"
"NCT00786279","NCT01377727"
"NCT00789880","NCT01078259"
"NCT00790517","NCT00866372"
"NCT00791271","NCT02605473"
"NCT00794547","NCT00470431"
"NCT00794911","NCT00794937"
"NCT00796042","NCT00569205"
"NCT00796055","NCT00924235"
"NCT00798044","NCT00622154"
"NCT00798876","NCT00836615"
"NCT00798889","NCT00569725"
"NCT00801151","NCT00801840"
"NCT00806988","NCT00838786"
"NCT00807040","NCT00919256"
"NCT00807872","NCT00808847"
"NCT00809575","NCT00872768"
"NCT00810433","NCT00786955"
"NCT00812136","NCT00800020"
"NCT00814541","NCT00567138"
"NCT00815152","NCT00849498"
"NCT00816036","NCT00962858"
"NCT00818584","NCT00906230"
"NCT00819832","NCT00756054"
"NCT00822887","NCT00721292"
"NCT00823459","NCT00831324"
"NCT00828529","NCT00980291"
"NCT00829296","NCT01059916"
"NCT00832000","NCT00721942"
"NCT00832650","NCT00892034"
"NCT00832884","NCT00720863"
"NCT00833105","NCT00437515"
"NCT00835900","NCT00957515"
"NCT00840658","NCT01719939"
"NCT00840996","NCT00706524"
"NCT00843271","NCT00094224"
"NCT00844753","NCT00699205"
"NCT00847496","NCT00793533"
"NCT00847626","NCT00892645"
"NCT00847704","NCT00600184"
"NCT00848627","NCT00831558"
"NCT00849290","NCT00090922"
"NCT00849290","NCT00170066"
"NCT00849290","NCT00513006"
"NCT00849654","NCT01177878"
"NCT00849693","NCT00892294"
"NCT00850057","NCT00783874"
"NCT00852774","NCT01375192"
"NCT00853996","NCT00855751"
"NCT00854100","NCT03605784"
"NCT00855010","NCT00896116"
"NCT00855205","NCT00552318"
"NCT00858078","NCT00954239"
"NCT00858338","NCT00058916"
"NCT00858845","NCT01046344"
"NCT00858845","NCT01826643"
"NCT00858858","NCT00849420"
"NCT00859118","NCT00839215"
"NCT00859508","NCT00454844"
"NCT00861549","NCT00766428"
"NCT00861549","NCT00926679"
"NCT00862082","NCT00838604"
"NCT00862134","NCT00840021"
"NCT00864032","NCT00805727"
"NCT00865566","NCT00919789"
"NCT00867048","NCT00821171"
"NCT00867139","NCT00865800"
"NCT00867828","NCT00861289"
"NCT00868660","NCT01429922"
"NCT00871299","NCT01021254"
"NCT00871975","NCT00849225"
"NCT00872677","NCT00082056"
"NCT00873041","NCT01185106"
"NCT00874276","NCT00874705"
"NCT00875823","NCT00616525"
"NCT00879255","NCT00769977"
"NCT00880022","NCT01097291"
"NCT00880334","NCT00378794"
"NCT00880360","NCT00238186"
"NCT00880503","NCT00898001"
"NCT00880789","NCT01017705"
"NCT00881023","NCT00595803"
"NCT00881023","NCT01508442"
"NCT00881075","NCT00340925"
"NCT00883545","NCT00903097"
"NCT00884052","NCT00461409"
"NCT00884481","NCT00966797"
"NCT00885508","NCT00922298"
"NCT00889928","NCT00821704"
"NCT00890747","NCT01727102"
"NCT00891774","NCT00871988"
"NCT00891995","NCT00505206"
"NCT00895011","NCT01171001"
"NCT00895895","NCT01312896"
"NCT00895960","NCT02661113"
"NCT00896181","NCT00841997"
"NCT00896324","NCT00866931"
"NCT00898079","NCT00228735"
"NCT00901069","NCT00589160"
"NCT00903201","NCT01051453"
"NCT00904241","NCT00256763"
"NCT00904345","NCT01250522"
"NCT00904579","NCT01445574"
"NCT00905060","NCT00912951"
"NCT00906321","NCT00953238"
"NCT00906334","NCT01326377"
"NCT00906594","NCT00766922"
"NCT00906958","NCT00773396"
"NCT00907738","NCT00588055"
"NCT00908076","NCT00849784"
"NCT00909948","NCT00981760"
"NCT00910676","NCT00960388"
"NCT00910806","NCT00980668"
"NCT00910858","NCT00360880"
"NCT00910871","NCT00980811"
"NCT00911053","NCT00686907"
"NCT00911092","NCT00932815"
"NCT00911859","NCT01710241"
"NCT00911911","NCT00959673"
"NCT00912223","NCT00867074"
"NCT00913185","NCT00419523"
"NCT00913757","NCT00980564"
"NCT00918333","NCT01417559"
"NCT00919750","NCT00228748"
"NCT00921232","NCT00958594"
"NCT00921895","NCT00799318"
"NCT00922519","NCT01065922"
"NCT00923013","NCT00781235"
"NCT00923052","NCT00892060"
"NCT00923065","NCT00898625"
"NCT00923117","NCT00713388"
"NCT00923130","NCT00820209"
"NCT00923169","NCT00899444"
"NCT00923195","NCT00814684"
"NCT00923221","NCT00899249"
"NCT00923247","NCT00863720"
"NCT00923273","NCT00636532"
"NCT00923351","NCT00526240"
"NCT00923364","NCT00884923"
"NCT00923377","NCT00898105"
"NCT00923390","NCT00870389"
"NCT00923442","NCT00900393"
"NCT00923481","NCT00907647"
"NCT00923507","NCT00769743"
"NCT00923520","NCT00888121"
"NCT00923650","NCT00891410"
"NCT00923728","NCT00890773"
"NCT00923741","NCT00709943"
"NCT00923780","NCT00898729"
"NCT00923806","NCT00809978"
"NCT00923845","NCT00641485"
"NCT00923910","NCT00608166"
"NCT00923936","NCT00902239"
"NCT00923949","NCT00751725"
"NCT00924001","NCT00537069"
"NCT00924040","NCT00850525"
"NCT00924066","NCT00798928"
"NCT00924092","NCT00887016"
"NCT00924131","NCT00909246"
"NCT00924170","NCT00794833"
"NCT00924196","NCT00693394"
"NCT00924209","NCT00874081"
"NCT00924287","NCT00805987"
"NCT00924313","NCT00771550"
"NCT00924326","NCT00862069"
"NCT00928278","NCT00977535"
"NCT00928941","NCT01584349"
"NCT00932256","NCT00931658"
"NCT00932360","NCT00750321"
"NCT00939380","NCT00953082"
"NCT00939770","NCT01182896"
"NCT00940056","NCT01047228"
"NCT00940563","NCT00942279"
"NCT00942422","NCT01589887"
"NCT00943410","NCT00006109"
"NCT00943592","NCT00572546"
"NCT00948662","NCT01298453"
"NCT00948766","NCT01054755"
"NCT00948948","NCT00495937"
"NCT00948948","NCT00582153"
"NCT00949689","NCT00961584"
"NCT00951561","NCT00456079"
"NCT00951561","NCT00587782"
"NCT00954109","NCT00572676"
"NCT00955019","NCT00629109"
"NCT00955747","NCT00451477"
"NCT00956007","NCT01311063"
"NCT00956787","NCT00930540"
"NCT00962325","NCT00820066"
"NCT00962780","NCT01098370"
"NCT00964249","NCT00753701"
"NCT00965276","NCT00896870"
"NCT00965523","NCT00633100"
"NCT00965562","NCT00683605"
"NCT00968357","NCT00514631"
"NCT00968500","NCT01324154"
"NCT00969878","NCT00142857"
"NCT00969878","NCT00218088"
"NCT00971620","NCT00842725"
"NCT00971789","NCT00722449"
"NCT00972205","NCT00658424"
"NCT00972283","NCT01193322"
"NCT00972309","NCT00908258"
"NCT00974168","NCT00624507"
"NCT00978081","NCT01019954"
"NCT00978627","NCT01087606"
"NCT00978796","NCT01227460"
"NCT00980460","NCT02265692"
"NCT00981006","NCT01697033"
"NCT00982228","NCT01198041"
"NCT00982644","NCT01193309"
"NCT00982696","NCT00905099"
"NCT00983580","NCT01647126"
"NCT00983710","NCT00903123"
"NCT00983710","NCT00903487"
"NCT00983723","NCT00682331"
"NCT00984308","NCT00807417"
"NCT00984763","NCT00605462"
"NCT00985413","NCT01230333"
"NCT00986323","NCT00986388"
"NCT00986323","NCT00986622"
"NCT00986323","NCT00986726"
"NCT00986323","NCT00986934"
"NCT00986479","NCT00995111"
"NCT00987389","NCT03919825"
"NCT00987480","NCT00850317"
"NCT00987480","NCT01082133"
"NCT00987753","NCT00004185"
"NCT00993694","NCT00960050"
"NCT00995020","NCT01733225"
"NCT00995501","NCT00433251"
"NCT00997425","NCT00797355"
"NCT00999492","NCT01061892"
"NCT00999830","NCT01937741"
"NCT01003769","NCT01021345"
"NCT01004731","NCT00027755"
"NCT01005472","NCT00859326"
"NCT01008917","NCT01013519"
"NCT01009086","NCT01902706"
"NCT01009905","NCT00615953"
"NCT01010061","NCT02035462"
"NCT01010854","NCT00437801"
"NCT01013441","NCT00870090"
"NCT01016522","NCT01035710"
"NCT01016964","NCT01042756"
"NCT01016977","NCT01334970"
"NCT01020435","NCT01230372"
"NCT01022541","NCT00450346"
"NCT01026337","NCT00915993"
"NCT01027195","NCT01448967"
"NCT01027390","NCT01056068"
"NCT01027416","NCT01658566"
"NCT01028885","NCT00977743"
"NCT01029366","NCT00891215"
"NCT01029652","NCT01071213"
"NCT01029652","NCT01160016"
"NCT01030536","NCT01086644"
"NCT01031173","NCT00726089"
"NCT01031953","NCT00939302"
"NCT01032135","NCT02689674"
"NCT01032278","NCT01311843"
"NCT01035632","NCT00385060"
"NCT01036009","NCT00975598"
"NCT01037075","NCT00686153"
"NCT01038778","NCT01043159"
"NCT01040871","NCT01826084"
"NCT01040897","NCT03370445"
"NCT01041508","NCT00884572"
"NCT01043705","NCT01043861"
"NCT01044264","NCT00807638"
"NCT01044966","NCT01026168"
"NCT01045707","NCT01169766"
"NCT01047566","NCT01117207"
"NCT01048827","NCT00824525"
"NCT01049945","NCT04567862"
"NCT01051635","NCT01245192"
"NCT01051934","NCT01041118"
"NCT01056562","NCT01007825"
"NCT01057355","NCT01100229"
"NCT01058070","NCT01057992"
"NCT01058070","NCT01058564"
"NCT01060371","NCT01223417"
"NCT01061151","NCT01253538"
"NCT01062451","NCT00249665"
"NCT01062503","NCT01016171"
"NCT01068236","NCT00451685"
"NCT01068327","NCT00705393"
"NCT01069809","NCT00595192"
"NCT01070511","NCT02207283"
"NCT01070511","NCT03076814"
"NCT01071148","NCT00893204"
"NCT01071200","NCT00267761"
"NCT01072838","NCT01019720"
"NCT01074268","NCT01190956"
"NCT01076244","NCT01130350"
"NCT01077739","NCT01069679"
"NCT01077908","NCT01115816"
"NCT01080131","NCT01137344"
"NCT01080131","NCT01194921"
"NCT01081769","NCT01359293"
"NCT01082588","NCT01363219"
"NCT01083810","NCT01081470"
"NCT01083810","NCT01083836"
"NCT01084785","NCT00157352"
"NCT01084785","NCT00157365"
"NCT01084785","NCT00157391"
"NCT01084785","NCT00157404"
"NCT01084785","NCT00157417"
"NCT01084785","NCT00157430"
"NCT01084785","NCT00157443"
"NCT01084785","NCT00157456"
"NCT01084785","NCT00157469"
"NCT01084785","NCT00157495"
"NCT01084785","NCT00181337"
"NCT01084785","NCT00181376"
"NCT01084785","NCT00181389"
"NCT01084785","NCT00181402"
"NCT01084785","NCT00181415"
"NCT01084785","NCT00181428"
"NCT01084785","NCT00181441"
"NCT01084785","NCT00181454"
"NCT01084785","NCT00181467"
"NCT01084785","NCT00181480"
"NCT01084785","NCT00181493"
"NCT01084785","NCT00181519"
"NCT01084785","NCT01067872"
"NCT01087775","NCT01552278"
"NCT01089101","NCT01386450"
"NCT01090323","NCT00171197"
"NCT01090427","NCT02166203"
"NCT01090479","NCT00829023"
"NCT01091155","NCT00859924"
"NCT01091181","NCT03498339"
"NCT01091714","NCT01173185"
"NCT01095094","NCT00792987"
"NCT01101815","NCT02046252"
"NCT01101854","NCT00618189"
"NCT01103505","NCT01314430"
"NCT01109004","NCT02257515"
"NCT01112527","NCT01036477"
"NCT01113034","NCT01131286"
"NCT01113164","NCT00856128"
"NCT01116232","NCT01534767"
"NCT01116648","NCT01115829"
"NCT01117168","NCT00799253"
"NCT01120210","NCT01678768"
"NCT01125891","NCT00822939"
"NCT01128673","NCT00993564"
"NCT01129362","NCT01079039"
"NCT01130077","NCT00862199"
"NCT01134627","NCT00381459"
"NCT01138150","NCT00868322"
"NCT01138501","NCT01250028"
"NCT01138605","NCT02923713"
"NCT01141569","NCT01145521"
"NCT01142466","NCT00283140"
"NCT01144494","NCT01342419"
"NCT01145456","NCT01189539"
"NCT01145664","NCT01314794"
"NCT01147016","NCT01658969"
"NCT01147536","NCT01073254"
"NCT01148849","NCT01195935"
"NCT01151020","NCT00923754"
"NCT01151670","NCT01586078"
"NCT01152398","NCT01158469"
"NCT01152489","NCT00910611"
"NCT01153035","NCT01420380"
"NCT01154673","NCT01101516"
"NCT01156051","NCT01153178"
"NCT01158651","NCT00652990"
"NCT01159405","NCT01374529"
"NCT01162928","NCT01148589"
"NCT01166009","NCT00923585"
"NCT01166009","NCT01160497"
"NCT01166009","NCT02401009"
"NCT01166685","NCT01097187"
"NCT01172535","NCT01338038"
"NCT01173393","NCT01172678"
"NCT01175369","NCT00296998"
"NCT01176513","NCT01313091"
"NCT01177618","NCT00106444"
"NCT01177735","NCT01426503"
"NCT01179308","NCT00999726"
"NCT01179737","NCT01531270"
"NCT01183559","NCT00462033"
"NCT01185262","NCT01348815"
"NCT01185782","NCT00467480"
"NCT01186913","NCT02108067"
"NCT01190488","NCT01235611"
"NCT01190592","NCT01787734"
"NCT01191255","NCT01510106"
"NCT01191827","NCT00692679"
"NCT01192412","NCT01081171"
"NCT01195415","NCT01143415"
"NCT01198535","NCT01207882"
"NCT01200797","NCT01199796"
"NCT01203228","NCT00682396"
"NCT01203436","NCT00000141"
"NCT01204918","NCT01298427"
"NCT01207687","NCT01204463"
"NCT01209000","NCT01240564"
"NCT01210482","NCT01420601"
"NCT01213342","NCT01131338"
"NCT01215357","NCT01198951"
"NCT01217190","NCT01216969"
"NCT01221311","NCT01432808"
"NCT01222052","NCT02681003"
"NCT01222286","NCT01960959"
"NCT01222754","NCT01226940"
"NCT01222780","NCT01344850"
"NCT01225913","NCT01225900"
"NCT01226537","NCT01225588"
"NCT01227954","NCT01366755"
"NCT01228435","NCT01119495"
"NCT01229150","NCT01239290"
"NCT01230827","NCT01777399"
"NCT01230996","NCT01793701"
"NCT01231529","NCT01377714"
"NCT01234844","NCT01233466"
"NCT01239147","NCT01848405"
"NCT01241708","NCT01374958"
"NCT01246102","NCT01245218"
"NCT01246206","NCT01414127"
"NCT01246973","NCT01238198"
"NCT01251926","NCT01301547"
"NCT01253447","NCT01654978"
"NCT01254188","NCT01580059"
"NCT01257776","NCT01079403"
"NCT01258231","NCT00281164"
"NCT01260883","NCT00014716"
"NCT01262820","NCT01107652"
"NCT01263587","NCT01306071"
"NCT01263899","NCT01263795"
"NCT01265433","NCT01890980"
"NCT01268332","NCT00672425"
"NCT01269047","NCT00923715"
"NCT01270451","NCT01592591"
"NCT01270555","NCT01012024"
"NCT01273077","NCT01401686"
"NCT01273389","NCT01634581"
"NCT01276496","NCT01647139"
"NCT01281813","NCT03027297"
"NCT01283659","NCT01622985"
"NCT01286506","NCT01153087"
"NCT01288586","NCT00586144"
"NCT01288586","NCT00586768"
"NCT01289210","NCT01396018"
"NCT01297348","NCT01316640"
"NCT01300611","NCT01302678"
"NCT01303133","NCT01412255"
"NCT01305356","NCT01008891"
"NCT01307631","NCT01312753"
"NCT01309659","NCT01413919"
"NCT01310023","NCT00647803"
"NCT01311219","NCT01307670"
"NCT01316393","NCT01288118"
"NCT01318681","NCT01239264"
"NCT01320800","NCT01892735"
"NCT01323933","NCT01158872"
"NCT01328236","NCT01327716"
"NCT01328756","NCT01413165"
"NCT01330030","NCT00218647"
"NCT01330043","NCT01067612"
"NCT01333046","NCT01556269"
"NCT01335425","NCT01248559"
"NCT01335971","NCT01318603"
"NCT01336413","NCT01327131"
"NCT01338285","NCT00516763"
"NCT01338285","NCT01338181"
"NCT01338779","NCT00083655"
"NCT01342172","NCT01441050"
"NCT01344473","NCT01631734"
"NCT01345929","NCT01345955"
"NCT01349322","NCT03553797"
"NCT01349972","NCT01413880"
"NCT01350804","NCT01640938"
"NCT01351545","NCT01553461"
"NCT01355679","NCT01375517"
"NCT01359566","NCT01360489"
"NCT01361464","NCT01364038"
"NCT01362231","NCT01242189"
"NCT01363349","NCT01365299"
"NCT01364051","NCT02876068"
"NCT01364935","NCT01343199"
"NCT01367041","NCT00961545"
"NCT01368588","NCT02673190"
"NCT01369199","NCT01534611"
"NCT01369212","NCT01821794"
"NCT01369498","NCT01242709"
"NCT01370889","NCT02022332"
"NCT01371825","NCT01473875"
"NCT01372813","NCT00608114"
"NCT01373333","NCT00817856"
"NCT01375829","NCT02344147"
"NCT01377012","NCT01901900"
"NCT01378117","NCT01373268"
"NCT01379599","NCT00218400"
"NCT01380418","NCT01385462"
"NCT01380834","NCT01231048"
"NCT01381874","NCT01355770"
"NCT01382082","NCT01330225"
"NCT01382238","NCT01371500"
"NCT01382316","NCT01244919"
"NCT01384227","NCT00755625"
"NCT01384942","NCT01285128"
"NCT01386242","NCT02349984"
"NCT01389102","NCT00122200"
"NCT01391117","NCT01532557"
"NCT01391858","NCT00631891"
"NCT01391858","NCT02213445"
"NCT01399905","NCT00745277"
"NCT01400373","NCT01328847"
"NCT01400646","NCT01510925"
"NCT01401998","NCT00575705"
"NCT01403285","NCT01386463"
"NCT01407822","NCT01392404"
"NCT01410500","NCT01495559"
"NCT01410812","NCT01421329"
"NCT01413542","NCT00139503"
"NCT01416922","NCT01417039"
"NCT01417000","NCT01468870"
"NCT01417104","NCT01123629"
"NCT01419665","NCT03814785"
"NCT01426334","NCT01456988"
"NCT01427738","NCT01494129"
"NCT01431820","NCT01428856"
"NCT01433913","NCT01528527"
"NCT01438073","NCT01862094"
"NCT01439152","NCT01479335"
"NCT01441791","NCT01585116"
"NCT01442181","NCT01413971"
"NCT01445054","NCT00474578"
"NCT01445080","NCT00343694"
"NCT01445080","NCT01648413"
"NCT01445106","NCT00436735"
"NCT01445119","NCT00438997"
"NCT01445132","NCT00445666"
"NCT01445145","NCT00445640"
"NCT01445158","NCT00445380"
"NCT01445314","NCT00459199"
"NCT01445327","NCT00452946"
"NCT01445340","NCT00477698"
"NCT01445379","NCT00556881"
"NCT01445392","NCT00575770"
"NCT01445418","NCT00647062"
"NCT01445483","NCT00769444"
"NCT01445509","NCT00792545"
"NCT01445522","NCT00810966"
"NCT01445535","NCT00832936"
"NCT01445678","NCT01445665"
"NCT01446718","NCT01998178"
"NCT01446965","NCT00628966"
"NCT01447849","NCT00595036"
"NCT01448915","NCT00496912"
"NCT01451736","NCT01458379"
"NCT01453075","NCT01525342"
"NCT01453283","NCT00437047"
"NCT01454908","NCT00576966"
"NCT01458964","NCT00710918"
"NCT01460875","NCT00634127"
"NCT01468883","NCT00026845"
"NCT01479608","NCT01311453"
"NCT01479868","NCT01727323"
"NCT01484275","NCT01563666"
"NCT01486277","NCT01389960"
"NCT01489371","NCT01673477"
"NCT01494142","NCT00550316"
"NCT01497704","NCT01726101"
"NCT01499290","NCT01500239"
"NCT01503229","NCT01508234"
"NCT01503632","NCT01476852"
"NCT01509014","NCT00971412"
"NCT01510626","NCT02062814"
"NCT01511068","NCT01534156"
"NCT01511653","NCT01585363"
"NCT01514201","NCT01507324"
"NCT01516567","NCT01595048"
"NCT01519427","NCT01510444"
"NCT01527422","NCT01297478"
"NCT01528449","NCT01525030"
"NCT01533181","NCT01387386"
"NCT01534637","NCT00398164"
"NCT01535157","NCT01550692"
"NCT01541540","NCT01792076"
"NCT01548560","NCT01662245"
"NCT01549145","NCT01139554"
"NCT01549444","NCT01545895"
"NCT01550874","NCT01889901"
"NCT01552356","NCT02706366"
"NCT01553539","NCT00974545"
"NCT01557803","NCT01549821"
"NCT01557959","NCT00723138"
"NCT01561014","NCT00499564"
"NCT01563874","NCT00952809"
"NCT01571271","NCT01039246"
"NCT01575522","NCT01542996"
"NCT01580410","NCT00904267"
"NCT01582009","NCT01037257"
"NCT01582074","NCT01433783"
"NCT01589263","NCT01567293"
"NCT01592565","NCT01504269"
"NCT01596062","NCT01469390"
"NCT01599884","NCT01639963"
"NCT01601977","NCT01611870"
"NCT01603992","NCT00679016"
"NCT01606124","NCT01974960"
"NCT01606826","NCT01761058"
"NCT01607931","NCT01540097"
"NCT01609413","NCT01022593"
"NCT01611987","NCT01032707"
"NCT01613118","NCT01622738"
"NCT01613846","NCT02083094"
"NCT01621308","NCT01623999"
"NCT01621737","NCT01987050"
"NCT01626677","NCT01923532"
"NCT01632306","NCT01671202"
"NCT01636414","NCT01514474"
"NCT01637077","NCT02166385"
"NCT01639417","NCT02180594"
"NCT01641406","NCT01330212"
"NCT01643876","NCT02201745"
"NCT01649232","NCT01755793"
"NCT01649791","NCT01003821"
"NCT01651533","NCT01026896"
"NCT01651533","NCT01308398"
"NCT01653093","NCT01705028"
"NCT01654341","NCT01541787"
"NCT01656304","NCT00478413"
"NCT01656603","NCT01861093"
"NCT01663259","NCT01649414"
"NCT01668953","NCT01789632"
"NCT01669538","NCT01845961"
"NCT01673217","NCT00887796"
"NCT01675778","NCT03789500"
"NCT01675947","NCT01664208"
"NCT01676831","NCT01497795"
"NCT01678898","NCT01769001"
"NCT01682031","NCT00935038"
"NCT01682044","NCT00524628"
"NCT01685892","NCT02339181"
"NCT01688531","NCT01718665"
"NCT01691768","NCT01645813"
"NCT01694563","NCT01174745"
"NCT01697748","NCT01927211"
"NCT01698541","NCT01798758"
"NCT01701193","NCT04250467"
"NCT01701466","NCT01470872"
"NCT01701908","NCT01914328"
"NCT01708278","NCT02013440"
"NCT01710215","NCT03404973"
"NCT01710592","NCT00806949"
"NCT01711528","NCT02668731"
"NCT01711970","NCT01801215"
"NCT01713582","NCT02542358"
"NCT01716338","NCT01157637"
"NCT01717573","NCT01851291"
"NCT01718730","NCT00896090"
"NCT01720095","NCT01041053"
"NCT01723943","NCT02032992"
"NCT01725633","NCT02239848"
"NCT01730183","NCT01490242"
"NCT01730950","NCT02671981"
"NCT01731886","NCT00777881"
"NCT01733966","NCT01136434"
"NCT01737073","NCT02508285"
"NCT01739335","NCT01946685"
"NCT01743820","NCT02011555"
"NCT01751087","NCT01799928"
"NCT01753544","NCT01838837"
"NCT01756131","NCT01215006"
"NCT01756885","NCT02851901"
"NCT01757418","NCT00644865"
"NCT01758731","NCT01644266"
"NCT01760447","NCT01472367"
"NCT01771107","NCT02298257"
"NCT01773967","NCT00970164"
"NCT01775033","NCT02306408"
"NCT01777919","NCT01982370"
"NCT01778530","NCT01757652"
"NCT01778647","NCT01233856"
"NCT01779739","NCT03333811"
"NCT01784523","NCT02635126"
"NCT01787877","NCT01787890"
"NCT01788527","NCT01734031"
"NCT01793636","NCT01996722"
"NCT01799993","NCT00805168"
"NCT01805024","NCT02326831"
"NCT01810913","NCT04411121"
"NCT01813864","NCT00797147"
"NCT01820767","NCT02210533"
"NCT01830192","NCT01830179"
"NCT01830933","NCT01836250"
"NCT01841554","NCT01533883"
"NCT01841723","NCT01981512"
"NCT01843621","NCT00318916"
"NCT01843738","NCT02042040"
"NCT01849263","NCT02989532"
"NCT01852981","NCT01330836"
"NCT01862250","NCT02252848"
"NCT01862900","NCT01642290"
"NCT01867294","NCT02257086"
"NCT01868490","NCT01573455"
"NCT01871805","NCT01588028"
"NCT01872858","NCT01862575"
"NCT01875081","NCT01875211"
"NCT01876732","NCT01360983"
"NCT01876810","NCT01900145"
"NCT01885299","NCT01563549"
"NCT01885559","NCT00067977"
"NCT01889316","NCT02041949"
"NCT01891136","NCT00598039"
"NCT01892995","NCT02367586"
"NCT01903954","NCT01281423"
"NCT01906437","NCT02055040"
"NCT01907009","NCT02349347"
"NCT01907802","NCT02925689"
"NCT01909973","NCT01583764"
"NCT01912287","NCT03445143"
"NCT01915095","NCT02701790"
"NCT01917136","NCT01953965"
"NCT01917942","NCT00598520"
"NCT01921101","NCT01071330"
"NCT01925989","NCT02211586"
"NCT01929980","NCT01930253"
"NCT01933750","NCT01910207"
"NCT01935921","NCT01860430"
"NCT01935934","NCT01815151"
"NCT01935947","NCT01846897"
"NCT01935960","NCT01999127"
"NCT01940523","NCT02123095"
"NCT01940809","NCT01938703"
"NCT01941303","NCT01930825"
"NCT01942213","NCT01991730"
"NCT01942694","NCT02015052"
"NCT01942694","NCT02239471"
"NCT01943916","NCT01937962"
"NCT01950221","NCT01571193"
"NCT01950403","NCT01912079"
"NCT01950819","NCT02316938"
"NCT01957579","NCT01377116"
"NCT01965522","NCT02288806"
"NCT01972321","NCT01810055"
"NCT01974323","NCT02786745"
"NCT01978470","NCT01607567"
"NCT01981564","NCT01970085"
"NCT01986738","NCT01832142"
"NCT01988935","NCT01857739"
"NCT01989559","NCT00052988"
"NCT01989572","NCT00005034"
"NCT01989585","NCT01970956"
"NCT01989598","NCT01951495"
"NCT01995123","NCT01947725"
"NCT01996046","NCT02110160"
"NCT02007200","NCT01028001"
"NCT02012699","NCT00693368"
"NCT02016963","NCT03625479"
"NCT02017171","NCT01575379"
"NCT02019979","NCT02254512"
"NCT02020005","NCT01978197"
"NCT02021032","NCT00407953"
"NCT02023281","NCT01787201"
"NCT02027532","NCT01029457"
"NCT02028247","NCT02111395"
"NCT02036281","NCT01875432"
"NCT02037230","NCT01916551"
"NCT02040610","NCT02198222"
"NCT02044172","NCT00632983"
"NCT02052908","NCT02048735"
"NCT02053155","NCT01904370"
"NCT02054741","NCT02066168"
"NCT02057692","NCT02055768"
"NCT02058290","NCT01460485"
"NCT02058290","NCT01461122"
"NCT02058290","NCT01461135"
"NCT02058290","NCT01509820"
"NCT02058290","NCT01534988"
"NCT02058290","NCT01963975"
"NCT02061332","NCT00923143"
"NCT02061423","NCT02110199"
"NCT02063724","NCT02110173"
"NCT02063854","NCT02066376"
"NCT02070549","NCT02007382"
"NCT02079974","NCT02084667"
"NCT02085408","NCT01041703"
"NCT02090387","NCT02238600"
"NCT02097745","NCT00468377"
"NCT02101775","NCT02151292"
"NCT02104219","NCT02104206"
"NCT02105987","NCT02131025"
"NCT02109484","NCT02132156"
"NCT02111746","NCT02474472"
"NCT02111824","NCT01433822"
"NCT02120079","NCT02106377"
"NCT02128555","NCT01518361"
"NCT02130700","NCT02117531"
"NCT02131766","NCT02008188"
"NCT02134925","NCT02886000"
"NCT02135042","NCT02179164"
"NCT02136134","NCT01620879"
"NCT02138071","NCT01640132"
"NCT02141633","NCT02026375"
"NCT02141711","NCT01873209"
"NCT02144688","NCT01848678"
"NCT02147548","NCT02143895"
"NCT02148484","NCT00417300"
"NCT02152007","NCT02057614"
"NCT02157623","NCT02258243"
"NCT02158520","NCT01879306"
"NCT02164981","NCT02695589"
"NCT02166346","NCT01446575"
"NCT02169271","NCT02135497"
"NCT02178657","NCT02290483"
"NCT02179086","NCT02163135"
"NCT02181114","NCT01553864"
"NCT02186561","NCT02178007"
"NCT02190695","NCT02188706"
"NCT02194738","NCT02200497"
"NCT02196168","NCT01935037"
"NCT02196181","NCT02199730"
"NCT02204774","NCT02162108"
"NCT02210858","NCT00005846"
"NCT02214433","NCT02214355"
"NCT02217501","NCT02317822"
"NCT02217865","NCT02321488"
"NCT02230839","NCT01808924"
"NCT02243592","NCT02496195"
"NCT02249364","NCT02296827"
"NCT02250807","NCT02256176"
"NCT02251041","NCT01886443"
"NCT02266706","NCT02725216"
"NCT02279095","NCT02979769"
"NCT02281760","NCT02281734"
"NCT02284919","NCT02762110"
"NCT02286089","NCT06674993"
"NCT02293603","NCT01815060"
"NCT02293941","NCT02149368"
"NCT02297204","NCT02368756"
"NCT02300909","NCT02380456"
"NCT02308657","NCT02176798"
"NCT02310100","NCT02088606"
"NCT02311907","NCT00979082"
"NCT02315417","NCT02366260"
"NCT02320149","NCT02651012"
"NCT02327130","NCT02258022"
"NCT02327572","NCT02176447"
"NCT02328677","NCT02391597"
"NCT02328781","NCT03859674"
"NCT02330653","NCT02330211"
"NCT02334683","NCT02326818"
"NCT02335528","NCT03103165"
"NCT02338986","NCT02406378"
"NCT02342522","NCT01857414"
"NCT02346994","NCT02132377"
"NCT02347969","NCT02352415"
"NCT02352285","NCT01865214"
"NCT02359409","NCT02539888"
"NCT02374463","NCT02234817"
"NCT02380352","NCT01707485"
"NCT02381353","NCT03003741"
"NCT02384200","NCT02408211"
"NCT02385214","NCT01457157"
"NCT02394080","NCT02524314"
"NCT02395666","NCT01586260"
"NCT02397733","NCT02357875"
"NCT02401451","NCT02124629"
"NCT02405234","NCT00825409"
"NCT02407405","NCT02644512"
"NCT02408471","NCT01398735"
"NCT02409316","NCT02559544"
"NCT02410655","NCT02453568"
"NCT02418754","NCT02603484"
"NCT02425826","NCT02555826"
"NCT02427178","NCT02363881"
"NCT02428491","NCT02821195"
"NCT02431806","NCT03087916"
"NCT02435225","NCT02095483"
"NCT02445755","NCT02372045"
"NCT02446977","NCT02540980"
"NCT02448823","NCT02476071"
"NCT02451176","NCT01746316"
"NCT02452931","NCT02811471"
"NCT02453737","NCT03391388"
"NCT02454075","NCT01322542"
"NCT02455050","NCT02343900"
"NCT02458859","NCT01683344"
"NCT02462083","NCT02611349"
"NCT02462122","NCT02615093"
"NCT02464943","NCT02418611"
"NCT02466295","NCT02425618"
"NCT02466971","NCT01835171"
"NCT02466971","NCT05358600"
"NCT02467387","NCT02123706"
"NCT02469389","NCT02455349"
"NCT02469623","NCT01875614"
"NCT02469623","NCT01914549"
"NCT02469623","NCT01921660"
"NCT02469623","NCT02469636"
"NCT02469623","NCT02469649"
"NCT02471781","NCT02319551"
"NCT02474459","NCT02066779"
"NCT02476019","NCT02463240"
"NCT02476890","NCT03407014"
"NCT02481921","NCT02454985"
"NCT02488109","NCT02621229"
"NCT02488668","NCT02519907"
"NCT02489539","NCT02489552"
"NCT02490878","NCT02531659"
"NCT02492165","NCT02821221"
"NCT02495142","NCT00582595"
"NCT02500602","NCT02492334"
"NCT02500732","NCT02874937"
"NCT02507375","NCT02514096"
"NCT02508090","NCT02031133"
"NCT02512926","NCT03273829"
"NCT02513797","NCT02631915"
"NCT02516124","NCT02264405"
"NCT02519777","NCT02406196"
"NCT02523105","NCT02583724"
"NCT02530073","NCT06064188"
"NCT02532868","NCT00104351"
"NCT02536508","NCT03313570"
"NCT02538341","NCT01967316"
"NCT02538341","NCT02538757"
"NCT02544100","NCT02606656"
"NCT02548104","NCT02167282"
"NCT02550028","NCT02602015"
"NCT02550054","NCT02601872"
"NCT02551003","NCT02605018"
"NCT02551081","NCT02607189"
"NCT02551679","NCT02140931"
"NCT02552511","NCT02605031"
"NCT02570906","NCT02606968"
"NCT02572817","NCT02610478"
"NCT02575963","NCT01756677"
"NCT02577536","NCT02659969"
"NCT02581930","NCT03427398"
"NCT02587806","NCT02418351"
"NCT02589938","NCT01141231"
"NCT02592161","NCT01771510"
"NCT02594280","NCT02555436"
"NCT02596503","NCT02318589"
"NCT02598089","NCT02809209"
"NCT02602119","NCT02769156"
"NCT02608216","NCT02774473"
"NCT02612909","NCT02815098"
"NCT02622594","NCT02579447"
"NCT02628977","NCT02427815"
"NCT02629549","NCT02769533"
"NCT02640313","NCT01899014"
"NCT02642991","NCT02642341"
"NCT02642991","NCT02642354"
"NCT02643082","NCT03024346"
"NCT02651714","NCT02672410"
"NCT02661464","NCT02967003"
"NCT02664181","NCT02795923"
"NCT02664415","NCT03036709"
"NCT02666391","NCT02568956"
"NCT02666417","NCT03357510"
"NCT02667327","NCT02666131"
"NCT02672306","NCT02513706"
"NCT02677220","NCT02560987"
"NCT02682927","NCT02826863"
"NCT02687165","NCT05055622"
"NCT02688790","NCT03617042"
"NCT02700269","NCT02698774"
"NCT02713282","NCT02772393"
"NCT02717455","NCT02899715"
"NCT02717507","NCT01347970"
"NCT02728726","NCT02822001"
"NCT02728804","NCT02755571"
"NCT02749721","NCT02559947"
"NCT02756130","NCT03027271"
"NCT02760693","NCT01792128"
"NCT02766114","NCT02726165"
"NCT02766114","NCT02766413"
"NCT02766244","NCT02028520"
"NCT02767947","NCT02491112"
"NCT02772003","NCT02822079"
"NCT02773875","NCT02506764"
"NCT02773875","NCT02514785"
"NCT02780401","NCT03156309"
"NCT02783690","NCT03391453"
"NCT02784535","NCT02796209"
"NCT02784652","NCT02231476"
"NCT02790736","NCT02924610"
"NCT02791464","NCT03232060"
"NCT02793895","NCT04145648"
"NCT02800317","NCT02792101"
"NCT02801487","NCT02795169"
"NCT02808949","NCT02658227"
"NCT02811913","NCT04535232"
"NCT02813941","NCT02732028"
"NCT02817633","NCT06322693"
"NCT02825992","NCT02462980"
"NCT02829957","NCT02761044"
"NCT02839720","NCT03105258"
"NCT02841787","NCT01912664"
"NCT02846883","NCT02843854"
"NCT02864953","NCT04950972"
"NCT02883049","NCT01406756"
"NCT02885844","NCT02517203"
"NCT02898389","NCT03043092"
"NCT02903355","NCT01345474"
"NCT02906397","NCT03081377"
"NCT02906787","NCT03254433"
"NCT02907853","NCT02948868"
"NCT02908477","NCT03421470"
"NCT02920827","NCT01144013"
"NCT02922166","NCT03036397"
"NCT02939313","NCT02948296"
"NCT02941926","NCT03613220"
"NCT02945319","NCT03288415"
"NCT02949024","NCT02944240"
"NCT02956486","NCT03036280"
"NCT02960204","NCT04806750"
"NCT02960594","NCT02327468"
"NCT02968654","NCT02962349"
"NCT02973022","NCT02886325"
"NCT02995005","NCT03167229"
"NCT03010657","NCT03559881"
"NCT03013660","NCT02953795"
"NCT03020888","NCT03019445"
"NCT03021837","NCT02912091"
"NCT03032029","NCT04331821"
"NCT03037502","NCT04040335"
"NCT03041155","NCT03075982"
"NCT03047213","NCT03108261"
"NCT03048058","NCT02659670"
"NCT03060096","NCT03190291"
"NCT03070574","NCT02864979"
"NCT03072719","NCT01724008"
"NCT03079973","NCT03209388"
"NCT03088878","NCT03420183"
"NCT03097614","NCT03180047"
"NCT03099850","NCT04753255"
"NCT03102034","NCT03099291"
"NCT03103880","NCT05712863"
"NCT03105297","NCT01004471"
"NCT03120910","NCT03075150"
"NCT03138863","NCT05339152"
"NCT03141684","NCT03233698"
"NCT03145818","NCT04795791"
"NCT03152526","NCT03290664"
"NCT03160859","NCT03543124"
"NCT03168035","NCT01999491"
"NCT03180983","NCT03994523"
"NCT03181035","NCT02519959"
"NCT03181828","NCT02670889"
"NCT03207451","NCT02629367"
"NCT03227029","NCT03422237"
"NCT03263143","NCT03210116"
"NCT03266198","NCT02692924"
"NCT03272217","NCT03133390"
"NCT03273712","NCT02441088"
"NCT03281798","NCT05368727"
"NCT03299712","NCT00778531"
"NCT03303014","NCT02991755"
"NCT03306316","NCT04718662"
"NCT03317028","NCT03308695"
"NCT03321630","NCT03413397"
"NCT03324802","NCT03339934"
"NCT03328273","NCT05404282"
"NCT03328325","NCT03133936"
"NCT03334344","NCT03421418"
"NCT03334344","NCT03534206"
"NCT03334344","NCT03542565"
"NCT03334344","NCT03556943"
"NCT03334344","NCT03666104"
"NCT03335605","NCT02680652"
"NCT03345784","NCT01958658"
"NCT03349983","NCT03411486"
"NCT03355469","NCT04817787"
"NCT03358147","NCT03547466"
"NCT03361670","NCT02929680"
"NCT03361917","NCT03398447"
"NCT03368781","NCT03467126"
"NCT03371420","NCT02751554"
"NCT03394365","NCT03392142"
"NCT03396341","NCT04943250"
"NCT03400020","NCT03374410"
"NCT03401229","NCT03627286"
"NCT03402152","NCT03401164"
"NCT03404791","NCT04559594"
"NCT03424109","NCT03424096"
"NCT03436056","NCT03368222"
"NCT03437928","NCT03964194"
"NCT03438747","NCT03502057"
"NCT03438799","NCT03720509"
"NCT03438799","NCT03720535"
"NCT03444948","NCT03065985"
"NCT03458000","NCT01371591"
"NCT03467789","NCT03483441"
"NCT03477604","NCT04025008"
"NCT03481413","NCT03619018"
"NCT03492840","NCT04076891"
"NCT03514784","NCT02674984"
"NCT03525210","NCT03482739"
"NCT03532204","NCT03296839"
"NCT03541408","NCT03591120"
"NCT03543865","NCT03132766"
"NCT03552263","NCT03621410"
"NCT03584763","NCT03562598"
"NCT03586284","NCT03576898"
"NCT03587740","NCT02414646"
"NCT03590106","NCT03642379"
"NCT03592706","NCT01024530"
"NCT03593213","NCT04519099"
"NCT03595553","NCT03595566"
"NCT03600623","NCT03641183"
"NCT03616821","NCT04718818"
"NCT03625752","NCT05469074"
"NCT03629236","NCT03543007"
"NCT03636022","NCT03856567"
"NCT03636451","NCT03736681"
"NCT03637972","NCT03715491"
"NCT03645122","NCT03638570"
"NCT03645122","NCT03639116"
"NCT03652961","NCT03700021"
"NCT03654209","NCT04063280"
"NCT03654599","NCT03440775"
"NCT03661047","NCT03419455"
"NCT03672422","NCT03081182"
"NCT03673046","NCT04034693"
"NCT03673345","NCT03778203"
"NCT03682471","NCT02052622"
"NCT03682900","NCT05730322"
"NCT03685578","NCT05591183"
"NCT03688243","NCT03972800"
"NCT03688633","NCT03805867"
"NCT03707444","NCT03322007"
"NCT03713242","NCT03686995"
"NCT03716193","NCT04112342"
"NCT03717922","NCT03782194"
"NCT03721042","NCT03715855"
"NCT03734471","NCT03769727"
"NCT03745144","NCT04086225"
"NCT03748953","NCT04371770"
"NCT03768349","NCT04144010"
"NCT03783403","NCT03816254"
"NCT03803774","NCT03809208"
"NCT03826537","NCT01531556"
"NCT03834038","NCT02592343"
"NCT03836261","NCT05211856"
"NCT03836404","NCT03541343"
"NCT03836911","NCT03694795"
"NCT03849443","NCT04672213"
"NCT03849755","NCT03738982"
"NCT03855137","NCT04961671"
"NCT03860506","NCT00719069"
"NCT03870399","NCT04123262"
"NCT03890445","NCT03930030"
"NCT03890445","NCT04022083"
"NCT03896503","NCT04162041"
"NCT03900897","NCT04130113"
"NCT03903614","NCT03514992"
"NCT03907241","NCT02627300"
"NCT03909958","NCT03909087"
"NCT03919136","NCT03911349"
"NCT03934502","NCT04200430"
"NCT03943797","NCT02739113"
"NCT03945318","NCT04684745"
"NCT03952416","NCT05364151"
"NCT03968159","NCT03999918"
"NCT03974100","NCT03991338"
"NCT03979313","NCT05238974"
"NCT03991130","NCT03889782"
"NCT03995069","NCT03993756"
"NCT03998735","NCT02499198"
"NCT04016389","NCT04483557"
"NCT04018508","NCT04851236"
"NCT04020029","NCT03910283"
"NCT04040062","NCT04166864"
"NCT04046952","NCT03116438"
"NCT04078737","NCT04952311"
"NCT04095858","NCT04976699"
"NCT04114006","NCT05028296"
"NCT04129554","NCT04288310"
"NCT04137510","NCT05549440"
"NCT04140292","NCT04482322"
"NCT04144023","NCT03793829"
"NCT04173273","NCT05033340"
"NCT04176913","NCT04994587"
"NCT04192266","NCT03371654"
"NCT04210830","NCT04310124"
"NCT04216251","NCT04172636"
"NCT04216589","NCT05654051"
"NCT04222751","NCT04197609"
"NCT04232657","NCT05180032"
"NCT04254484","NCT04536623"
"NCT04260256","NCT05219981"
"NCT04262947","NCT05051020"
"NCT04277910","NCT04768452"
"NCT04299906","NCT04545281"
"NCT04311983","NCT04427839"
"NCT04339036","NCT04789109"
"NCT04339699","NCT05025475"
"NCT04342884","NCT04361123"
"NCT04343989","NCT04363502"
"NCT04343989","NCT04659772"
"NCT04348656","NCT04418518"
"NCT04372641","NCT04449562"
"NCT04381806","NCT04443686"
"NCT04392635","NCT06361849"
"NCT04410978","NCT04964791"
"NCT04426669","NCT03538613"
"NCT04481256","NCT04595149"
"NCT04491175","NCT04494698"
"NCT04502758","NCT04701840"
"NCT04505774","NCT04359277"
"NCT04509310","NCT03332277"
"NCT04514471","NCT06439238"
"NCT04525859","NCT04345705"
"NCT04538274","NCT04774692"
"NCT04539821","NCT04228250"
"NCT04550494","NCT04692662"
"NCT04551053","NCT04816565"
"NCT04551066","NCT04816578"
"NCT04567771","NCT04745650"
"NCT04573777","NCT04573010"
"NCT04589819","NCT04533984"
"NCT04622306","NCT05763264"
"NCT04622930","NCT03769363"
"NCT04629508","NCT04821791"
"NCT04636697","NCT04662697"
"NCT04658940","NCT04657055"
"NCT04687111","NCT02682719"
"NCT04688996","NCT04562012"
"NCT04722263","NCT04853433"
"NCT04761796","NCT04761809"
"NCT04762160","NCT04590820"
"NCT04762771","NCT04510038"
"NCT04823663","NCT04828811"
"NCT04839614","NCT04278183"
"NCT04889040","NCT05126576"
"NCT04896541","NCT05406375"
"NCT04904354","NCT04941391"
"NCT04904471","NCT04887207"
"NCT04936581","NCT06290960"
"NCT04958109","NCT02953834"
"NCT04991324","NCT05624801"
"NCT04992273","NCT05149300"
"NCT05002153","NCT04697550"
"NCT05005611","NCT05337670"
"NCT05024188","NCT04707222"
"NCT05040178","NCT05842837"
"NCT05046665","NCT05018442"
"NCT05064631","NCT05710081"
"NCT05076669","NCT05061927"
"NCT05120284","NCT05173623"
"NCT05136053","NCT05303246"
"NCT05170828","NCT05068401"
"NCT05223036","NCT05112822"
"NCT05233085","NCT05209334"
"NCT05245500","NCT06937970"
"NCT05260801","NCT04900025"
"NCT05277727","NCT05181410"
"NCT05310084","NCT06137001"
"NCT05315414","NCT05387421"
"NCT05366296","NCT05351450"
"NCT05378191","NCT04860739"
"NCT05384002","NCT05380518"
"NCT05416203","NCT05490199"
"NCT05432791","NCT05633381"
"NCT05497843","NCT05542433"
"NCT05516342","NCT04899973"
"NCT05538221","NCT05305755"
"NCT05573906","NCT05845606"
"NCT05624723","NCT05694195"
"NCT05674487","NCT05848869"
"NCT05691478","NCT05683197"
"NCT05715216","NCT05026606"
"NCT05745532","NCT04592458"
"NCT05828069","NCT05287295"
"NCT05834738","NCT06841094"
"NCT05841459","NCT06097858"
"NCT05853653","NCT06197633"
"NCT05895552","NCT06893094"
"NCT05904080","NCT06010095"
"NCT05908162","NCT06142162"
"NCT05910528","NCT06370858"
"NCT05919251","NCT05392270"
"NCT05941585","NCT05893329"
"NCT05956223","NCT06386822"
"NCT05961982","NCT05916846"
"NCT05962723","NCT06189339"
"NCT05974150","NCT05974137"
"NCT05995665","NCT05494489"
"NCT05999890","NCT05967221"
"NCT06045806","NCT06399393"
"NCT06056323","NCT05944276"
"NCT06088992","NCT06064565"
"NCT06096597","NCT06104787"
"NCT06113068","NCT05899569"
"NCT06138873","NCT06051994"
"NCT06142292","NCT05739526"
"NCT06159179","NCT05553665"
"NCT06167785","NCT06919705"
"NCT06175000","NCT02498951"
"NCT06290518","NCT05896657"
"NCT06313983","NCT05122494"
"NCT06348901","NCT06329232"
"NCT06377878","NCT02020174"
"NCT06381895","NCT06442839"
"NCT06399419","NCT06414642"
"NCT06433791","NCT03927625"
"NCT06458543","NCT06453200"
"NCT06498661","NCT06676150"
"NCT06537778","NCT06399965"
"NCT06549218","NCT06528548"
"NCT06567119","NCT06438341"
"NCT06567340","NCT06728397"
"NCT06569303","NCT06416423"
"NCT06570291","NCT05996224"
"NCT06702423","NCT06718166"
"NCT06734403","NCT05861024"
"NCT06734442","NCT05861037"
"NCT06734455","NCT05858658"
"NCT06734494","NCT05840419"
"NCT06734507","NCT05848726"
"NCT06779123","NCT06741891"
"NCT06880549","NCT06880536"
